review_text,sentiment
Neither impressed nor disappointed overall.,neutral
Neither impressed nor disappointed overall. Just sharing my review.,neutral
"Amazing app, very easy to use and super fast. Just sharing my review.",positive
"The product is okay, nothing special but it works.",neutral
"Absolutely loved this product, excellent quality and fast delivery. Thanks.",positive
Received the item as listed. Yet to test fully. Please improve.,neutral
"Waste of money, I want a refund immediately. Thanks.",negative
App keeps crashing and support never replies. Please improve.,negative
The item exceeded my expectations. Highly recommend! Bought last week.,positive
Delivery was on time. Packaging was standard. Bought last week.,neutral
"Amazing app, very easy to use and super fast. Bought last week.",positive
"Great experience, customer service was helpful and friendly. Please improve.",positive
Received the item as listed. Yet to test fully. Just sharing my review.,neutral
Worst customer service I have ever experienced. Just sharing my review.,negative
"Neutral about this, some features are useful. Thanks.",neutral
"It does what it says, no major complaints. Thanks.",neutral
Perfect fit and the material feels premium. Please improve.,positive
"Terrible quality, broke after two days. Very disappointed. Thanks.",negative
"Happy with the results, five stars from me.",positive
"Terrible quality, broke after two days. Very disappointed. Just sharing my review.",negative
"Overpriced and underwhelming, avoid this brand. Just sharing my review.",negative
"Terrible quality, broke after two days. Very disappointed. Please improve.",negative
Delivery was on time. Packaging was standard.,neutral
Frustrating experience from start to finish. Bought last week.,negative
"Service was acceptable, waiting time was normal. Please improve.",neutral
"Service was acceptable, waiting time was normal.",neutral
Worst customer service I have ever experienced. Please improve.,negative
Perfect fit and the material feels premium. Please improve.,positive
Worst customer service I have ever experienced.,negative
"Overpriced and underwhelming, avoid this brand.",negative
"Fantastic value for money, I will buy again. Please improve.",positive
"It does what it says, no major complaints. Please improve.",neutral
App keeps crashing and support never replies. Thanks.,negative
"Happy with the results, five stars from me. Bought last week.",positive
"Best purchase I made this year, totally worth it. Please improve.",positive
"It does what it says, no major complaints. Thanks.",neutral
"The movie was fine, not great not terrible. Just sharing my review.",neutral
"Waste of money, I want a refund immediately. Please improve.",negative
"Absolutely loved this product, excellent quality and fast delivery.",positive
"Amazing app, very easy to use and super fast. Thanks.",positive
"It does what it says, no major complaints. Bought last week.",neutral
The product is not as described and feels cheap. Bought last week.,negative
"Great experience, customer service was helpful and friendly. Just sharing my review.",positive
Frustrating experience from start to finish. Just sharing my review.,negative
Worst customer service I have ever experienced. Just sharing my review.,negative
"Outstanding performance, works better than advertised. Thanks.",positive
"The movie was fine, not great not terrible. Just sharing my review.",neutral
"Absolutely loved this product, excellent quality and fast delivery. Please improve.",positive
"Amazing app, very easy to use and super fast. Just sharing my review.",positive
Battery life is awful and charging is slow. Just sharing my review.,negative
"Terrible quality, broke after two days. Very disappointed. Please improve.",negative
"The product is okay, nothing special but it works. Thanks.",neutral
"Fantastic value for money, I will buy again. Bought last week.",positive
"Average quality for the price, might buy again. Just sharing my review.",neutral
The product is not as described and feels cheap. Bought last week.,negative
"Outstanding performance, works better than advertised. Thanks.",positive
"Terrible quality, broke after two days. Very disappointed. Thanks.",negative
"Waste of money, I want a refund immediately. Please improve.",negative
The item exceeded my expectations. Highly recommend!,positive
Battery life is awful and charging is slow. Just sharing my review.,negative
"Horrible taste, would not order again. Bought last week.",negative
The item exceeded my expectations. Highly recommend! Just sharing my review.,positive
"Best purchase I made this year, totally worth it. Please improve.",positive
App keeps crashing and support never replies.,negative
"Average quality for the price, might buy again. Just sharing my review.",neutral
Received the item as listed. Yet to test fully. Just sharing my review.,neutral
"Terrible quality, broke after two days. Very disappointed. Bought last week.",negative
"Absolutely loved this product, excellent quality and fast delivery. Just sharing my review.",positive
The item exceeded my expectations. Highly recommend! Please improve.,positive
"Absolutely loved this product, excellent quality and fast delivery. Bought last week.",positive
"Happy with the results, five stars from me. Bought last week.",positive
"Outstanding performance, works better than advertised. Please improve.",positive
Looks similar to other brands I have used. Just sharing my review.,neutral
Perfect fit and the material feels premium. Bought last week.,positive
"Absolutely loved this product, excellent quality and fast delivery.",positive
"Service was acceptable, waiting time was normal. Please improve.",neutral
"Neutral about this, some features are useful. Please improve.",neutral
"Fantastic value for money, I will buy again. Thanks.",positive
"Waste of money, I want a refund immediately. Thanks.",negative
"Service was acceptable, waiting time was normal. Just sharing my review.",neutral
"Horrible taste, would not order again.",negative
"Great experience, customer service was helpful and friendly. Thanks.",positive
"Amazing app, very easy to use and super fast. Just sharing my review.",positive
Battery life is awful and charging is slow.,negative
"Happy with the results, five stars from me. Thanks.",positive
App keeps crashing and support never replies. Thanks.,negative
Received the item as listed. Yet to test fully.,neutral
"Happy with the results, five stars from me.",positive
"Outstanding performance, works better than advertised. Just sharing my review.",positive
"It does what it says, no major complaints. Just sharing my review.",neutral
"Best purchase I made this year, totally worth it.",positive
Looks similar to other brands I have used. Thanks.,neutral
"Waste of money, I want a refund immediately. Bought last week.",negative
"Average quality for the price, might buy again. Thanks.",neutral
"Best purchase I made this year, totally worth it. Bought last week.",positive
"It does what it says, no major complaints. Please improve.",neutral
Looks similar to other brands I have used. Just sharing my review.,neutral
"Neutral about this, some features are useful. Please improve.",neutral
The product is not as described and feels cheap. Please improve.,negative
"Best purchase I made this year, totally worth it. Please improve.",positive
Looks similar to other brands I have used. Please improve.,neutral
"Overpriced and underwhelming, avoid this brand.",negative
Frustrating experience from start to finish. Please improve.,negative
"It does what it says, no major complaints. Just sharing my review.",neutral
"Outstanding performance, works better than advertised. Bought last week.",positive
Received the item as listed. Yet to test fully. Please improve.,neutral
"Great experience, customer service was helpful and friendly. Just sharing my review.",positive
"It does what it says, no major complaints.",neutral
"The movie was fine, not great not terrible. Bought last week.",neutral
"Best purchase I made this year, totally worth it. Just sharing my review.",positive
Looks similar to other brands I have used.,neutral
The product is not as described and feels cheap. Please improve.,negative
Battery life is awful and charging is slow. Just sharing my review.,negative
"Great experience, customer service was helpful and friendly. Just sharing my review.",positive
"Amazing app, very easy to use and super fast. Just sharing my review.",positive
"Terrible quality, broke after two days. Very disappointed.",negative
Perfect fit and the material feels premium. Thanks.,positive
"Amazing app, very easy to use and super fast. Thanks.",positive
"Terrible quality, broke after two days. Very disappointed. Please improve.",negative
"Happy with the results, five stars from me. Bought last week.",positive
Worst customer service I have ever experienced. Just sharing my review.,negative
Received the item as listed. Yet to test fully. Thanks.,neutral
"Absolutely loved this product, excellent quality and fast delivery. Please improve.",positive
"Horrible taste, would not order again. Just sharing my review.",negative
The item exceeded my expectations. Highly recommend!,positive
"Service was acceptable, waiting time was normal.",neutral
"Waste of money, I want a refund immediately. Just sharing my review.",negative
The food was delicious and arrived hot. Just sharing my review.,positive
"The product is okay, nothing special but it works. Thanks.",neutral
"Overpriced and underwhelming, avoid this brand. Bought last week.",negative
"Waste of money, I want a refund immediately. Please improve.",negative
Neither impressed nor disappointed overall. Thanks.,neutral
"Outstanding performance, works better than advertised. Please improve.",positive
Late delivery and the package was damaged. Just sharing my review.,negative
"Service was acceptable, waiting time was normal. Please improve.",neutral
"Average quality for the price, might buy again. Just sharing my review.",neutral
"Great experience, customer service was helpful and friendly. Just sharing my review.",positive
App keeps crashing and support never replies.,negative
"Horrible taste, would not order again. Just sharing my review.",negative
"Happy with the results, five stars from me.",positive
"Outstanding performance, works better than advertised. Bought last week.",positive
"Neutral about this, some features are useful. Please improve.",neutral
"Absolutely loved this product, excellent quality and fast delivery. Please improve.",positive
The product is not as described and feels cheap. Please improve.,negative
Received the item as listed. Yet to test fully. Bought last week.,neutral
The item exceeded my expectations. Highly recommend!,positive
Battery life is awful and charging is slow. Please improve.,negative
"The product is okay, nothing special but it works. Bought last week.",neutral
The product is not as described and feels cheap.,negative
Late delivery and the package was damaged.,negative
"Great experience, customer service was helpful and friendly. Please improve.",positive
Perfect fit and the material feels premium. Please improve.,positive
Neither impressed nor disappointed overall. Thanks.,neutral
"Waste of money, I want a refund immediately. Please improve.",negative
App keeps crashing and support never replies. Please improve.,negative
"The product is okay, nothing special but it works. Just sharing my review.",neutral
"Overpriced and underwhelming, avoid this brand. Bought last week.",negative
Received the item as listed. Yet to test fully.,neutral
Perfect fit and the material feels premium. Please improve.,positive
Perfect fit and the material feels premium. Thanks.,positive
Perfect fit and the material feels premium. Please improve.,positive
Delivery was on time. Packaging was standard. Bought last week.,neutral
App keeps crashing and support never replies.,negative
The food was delicious and arrived hot.,positive
"Happy with the results, five stars from me. Just sharing my review.",positive
Looks similar to other brands I have used.,neutral
Frustrating experience from start to finish. Please improve.,negative
"Service was acceptable, waiting time was normal. Please improve.",neutral
"Average quality for the price, might buy again. Please improve.",neutral
"Waste of money, I want a refund immediately. Thanks.",negative
App keeps crashing and support never replies. Bought last week.,negative
"Absolutely loved this product, excellent quality and fast delivery. Thanks.",positive
"Overpriced and underwhelming, avoid this brand. Thanks.",negative
"Fantastic value for money, I will buy again. Bought last week.",positive
The item exceeded my expectations. Highly recommend! Bought last week.,positive
"Fantastic value for money, I will buy again. Bought last week.",positive
The food was delicious and arrived hot.,positive
Delivery was on time. Packaging was standard. Please improve.,neutral
"Neutral about this, some features are useful. Just sharing my review.",neutral
"Best purchase I made this year, totally worth it. Just sharing my review.",positive
"Great experience, customer service was helpful and friendly. Bought last week.",positive
"Great experience, customer service was helpful and friendly. Please improve.",positive
Received the item as listed. Yet to test fully. Just sharing my review.,neutral
"Overpriced and underwhelming, avoid this brand. Bought last week.",negative
Battery life is awful and charging is slow. Please improve.,negative
The item exceeded my expectations. Highly recommend! Bought last week.,positive
Neither impressed nor disappointed overall. Just sharing my review.,neutral
"Terrible quality, broke after two days. Very disappointed. Please improve.",negative
The food was delicious and arrived hot. Thanks.,positive
"The movie was fine, not great not terrible. Bought last week.",neutral
Neither impressed nor disappointed overall.,neutral
"Fantastic value for money, I will buy again. Thanks.",positive
Battery life is awful and charging is slow.,negative
"Service was acceptable, waiting time was normal. Just sharing my review.",neutral
"Waste of money, I want a refund immediately. Thanks.",negative
"Happy with the results, five stars from me. Just sharing my review.",positive
"Fantastic value for money, I will buy again.",positive
"It does what it says, no major complaints. Thanks.",neutral
"Terrible quality, broke after two days. Very disappointed. Thanks.",negative
"Outstanding performance, works better than advertised. Thanks.",positive
"Overpriced and underwhelming, avoid this brand.",negative
Frustrating experience from start to finish. Please improve.,negative
Worst customer service I have ever experienced.,negative
"Horrible taste, would not order again. Just sharing my review.",negative
The food was delicious and arrived hot. Please improve.,positive
"Horrible taste, would not order again. Please improve.",negative
"Neutral about this, some features are useful.",neutral
"Fantastic value for money, I will buy again.",positive
Neither impressed nor disappointed overall. Just sharing my review.,neutral
"Happy with the results, five stars from me.",positive
The item exceeded my expectations. Highly recommend!,positive
Worst customer service I have ever experienced. Please improve.,negative
Frustrating experience from start to finish. Thanks.,negative
"The movie was fine, not great not terrible.",neutral
"Waste of money, I want a refund immediately. Please improve.",negative
Perfect fit and the material feels premium. Thanks.,positive
"It does what it says, no major complaints. Please improve.",neutral
"The movie was fine, not great not terrible.",neutral
"The movie was fine, not great not terrible.",neutral
"Fantastic value for money, I will buy again. Just sharing my review.",positive
"Best purchase I made this year, totally worth it. Thanks.",positive
Frustrating experience from start to finish. Please improve.,negative
"Fantastic value for money, I will buy again.",positive
The product is not as described and feels cheap. Bought last week.,negative
"The product is okay, nothing special but it works. Just sharing my review.",neutral
"Waste of money, I want a refund immediately. Just sharing my review.",negative
Delivery was on time. Packaging was standard. Please improve.,neutral
"Outstanding performance, works better than advertised. Just sharing my review.",positive
Perfect fit and the material feels premium.,positive
"Average quality for the price, might buy again. Just sharing my review.",neutral
"Service was acceptable, waiting time was normal. Please improve.",neutral
"Outstanding performance, works better than advertised. Bought last week.",positive
Worst customer service I have ever experienced. Just sharing my review.,negative
"Fantastic value for money, I will buy again. Please improve.",positive
"Amazing app, very easy to use and super fast. Just sharing my review.",positive
"Service was acceptable, waiting time was normal. Thanks.",neutral
The item exceeded my expectations. Highly recommend! Thanks.,positive
"Overpriced and underwhelming, avoid this brand. Please improve.",negative
"Outstanding performance, works better than advertised. Bought last week.",positive
Looks similar to other brands I have used. Bought last week.,neutral
"It does what it says, no major complaints. Bought last week.",neutral
"Neutral about this, some features are useful. Bought last week.",neutral
"Outstanding performance, works better than advertised. Thanks.",positive
"Amazing app, very easy to use and super fast.",positive
"The movie was fine, not great not terrible.",neutral
"Terrible quality, broke after two days. Very disappointed. Thanks.",negative
"Horrible taste, would not order again. Just sharing my review.",negative
Worst customer service I have ever experienced. Just sharing my review.,negative
"Outstanding performance, works better than advertised. Just sharing my review.",positive
Delivery was on time. Packaging was standard. Bought last week.,neutral
The food was delicious and arrived hot. Bought last week.,positive
"Neutral about this, some features are useful. Just sharing my review.",neutral
"Service was acceptable, waiting time was normal. Please improve.",neutral
"Fantastic value for money, I will buy again. Thanks.",positive
Battery life is awful and charging is slow. Bought last week.,negative
"Absolutely loved this product, excellent quality and fast delivery.",positive
Delivery was on time. Packaging was standard. Bought last week.,neutral
Worst customer service I have ever experienced. Just sharing my review.,negative
"The movie was fine, not great not terrible. Please improve.",neutral
"Neutral about this, some features are useful. Thanks.",neutral
"Best purchase I made this year, totally worth it. Bought last week.",positive
Battery life is awful and charging is slow. Just sharing my review.,negative
"Horrible taste, would not order again. Just sharing my review.",negative
"Horrible taste, would not order again. Just sharing my review.",negative
Battery life is awful and charging is slow. Thanks.,negative
Perfect fit and the material feels premium. Just sharing my review.,positive
"Horrible taste, would not order again. Please improve.",negative
Delivery was on time. Packaging was standard. Please improve.,neutral
"The movie was fine, not great not terrible. Thanks.",neutral
Neither impressed nor disappointed overall.,neutral
Battery life is awful and charging is slow. Just sharing my review.,negative
"Service was acceptable, waiting time was normal. Bought last week.",neutral
"Best purchase I made this year, totally worth it. Just sharing my review.",positive
Worst customer service I have ever experienced. Please improve.,negative
"Amazing app, very easy to use and super fast. Just sharing my review.",positive
Neither impressed nor disappointed overall. Please improve.,neutral
Neither impressed nor disappointed overall.,neutral
The food was delicious and arrived hot. Thanks.,positive
Late delivery and the package was damaged. Just sharing my review.,negative
"The product is okay, nothing special but it works.",neutral
Frustrating experience from start to finish. Please improve.,negative
"Average quality for the price, might buy again.",neutral
Worst customer service I have ever experienced. Please improve.,negative
Looks similar to other brands I have used. Thanks.,neutral
"Horrible taste, would not order again. Just sharing my review.",negative
"Service was acceptable, waiting time was normal. Bought last week.",neutral
"Terrible quality, broke after two days. Very disappointed.",negative
"Happy with the results, five stars from me. Just sharing my review.",positive
Perfect fit and the material feels premium. Bought last week.,positive
"It does what it says, no major complaints. Please improve.",neutral
Neither impressed nor disappointed overall. Thanks.,neutral
"Amazing app, very easy to use and super fast. Just sharing my review.",positive
Neither impressed nor disappointed overall. Please improve.,neutral
The product is not as described and feels cheap. Thanks.,negative
"The product is okay, nothing special but it works. Bought last week.",neutral
Late delivery and the package was damaged.,negative
Looks similar to other brands I have used. Just sharing my review.,neutral
The item exceeded my expectations. Highly recommend! Just sharing my review.,positive
"Great experience, customer service was helpful and friendly.",positive
Worst customer service I have ever experienced. Please improve.,negative
"Happy with the results, five stars from me. Just sharing my review.",positive
The item exceeded my expectations. Highly recommend! Thanks.,positive
"The movie was fine, not great not terrible. Please improve.",neutral
The item exceeded my expectations. Highly recommend!,positive
"Amazing app, very easy to use and super fast. Please improve.",positive
Looks similar to other brands I have used.,neutral
"Happy with the results, five stars from me.",positive
"Terrible quality, broke after two days. Very disappointed. Just sharing my review.",negative
Neither impressed nor disappointed overall. Thanks.,neutral
App keeps crashing and support never replies.,negative
Battery life is awful and charging is slow. Please improve.,negative
Late delivery and the package was damaged. Bought last week.,negative
The product is not as described and feels cheap. Thanks.,negative
Perfect fit and the material feels premium.,positive
"Best purchase I made this year, totally worth it. Bought last week.",positive
App keeps crashing and support never replies. Just sharing my review.,negative
"Overpriced and underwhelming, avoid this brand. Please improve.",negative
"Fantastic value for money, I will buy again. Thanks.",positive
"Neutral about this, some features are useful. Bought last week.",neutral
"Fantastic value for money, I will buy again. Please improve.",positive
The food was delicious and arrived hot.,positive
Frustrating experience from start to finish. Just sharing my review.,negative
The product is not as described and feels cheap. Bought last week.,negative
"Terrible quality, broke after two days. Very disappointed. Thanks.",negative
The food was delicious and arrived hot. Thanks.,positive
"Terrible quality, broke after two days. Very disappointed. Please improve.",negative
The product is not as described and feels cheap. Thanks.,negative
App keeps crashing and support never replies. Bought last week.,negative
"Overpriced and underwhelming, avoid this brand. Just sharing my review.",negative
Delivery was on time. Packaging was standard. Thanks.,neutral
"Absolutely loved this product, excellent quality and fast delivery. Just sharing my review.",positive
"Horrible taste, would not order again. Bought last week.",negative
"The product is okay, nothing special but it works. Just sharing my review.",neutral
"Terrible quality, broke after two days. Very disappointed. Just sharing my review.",negative
Perfect fit and the material feels premium.,positive
"Absolutely loved this product, excellent quality and fast delivery.",positive
Worst customer service I have ever experienced. Please improve.,negative
"The movie was fine, not great not terrible. Thanks.",neutral
Frustrating experience from start to finish. Bought last week.,negative
Looks similar to other brands I have used. Please improve.,neutral
Battery life is awful and charging is slow. Bought last week.,negative
"Amazing app, very easy to use and super fast. Just sharing my review.",positive
"Amazing app, very easy to use and super fast. Bought last week.",positive
"The product is okay, nothing special but it works. Please improve.",neutral
"It does what it says, no major complaints. Bought last week.",neutral
"It does what it says, no major complaints. Just sharing my review.",neutral
"Best purchase I made this year, totally worth it. Thanks.",positive
"Outstanding performance, works better than advertised. Please improve.",positive
Looks similar to other brands I have used. Thanks.,neutral
"It does what it says, no major complaints.",neutral
"Fantastic value for money, I will buy again. Thanks.",positive
"Waste of money, I want a refund immediately. Bought last week.",negative
"Service was acceptable, waiting time was normal. Thanks.",neutral
"Horrible taste, would not order again.",negative
Late delivery and the package was damaged. Just sharing my review.,negative
"Average quality for the price, might buy again. Bought last week.",neutral
App keeps crashing and support never replies. Thanks.,negative
"Waste of money, I want a refund immediately.",negative
App keeps crashing and support never replies.,negative
"Best purchase I made this year, totally worth it. Thanks.",positive
Neither impressed nor disappointed overall. Just sharing my review.,neutral
Late delivery and the package was damaged. Just sharing my review.,negative
"Absolutely loved this product, excellent quality and fast delivery. Thanks.",positive
Frustrating experience from start to finish. Just sharing my review.,negative
The food was delicious and arrived hot. Bought last week.,positive
The food was delicious and arrived hot. Just sharing my review.,positive
"Overpriced and underwhelming, avoid this brand. Thanks.",negative
"It does what it says, no major complaints. Bought last week.",neutral
"Amazing app, very easy to use and super fast. Bought last week.",positive
Received the item as listed. Yet to test fully. Please improve.,neutral
Worst customer service I have ever experienced.,negative
Perfect fit and the material feels premium. Thanks.,positive
Looks similar to other brands I have used.,neutral
Late delivery and the package was damaged. Please improve.,negative
"Service was acceptable, waiting time was normal.",neutral
"The product is okay, nothing special but it works. Please improve.",neutral
The food was delicious and arrived hot. Just sharing my review.,positive
"Average quality for the price, might buy again. Just sharing my review.",neutral
"Outstanding performance, works better than advertised.",positive
"The product is okay, nothing special but it works. Please improve.",neutral
The item exceeded my expectations. Highly recommend! Thanks.,positive
Frustrating experience from start to finish. Please improve.,negative
"Fantastic value for money, I will buy again. Thanks.",positive
Frustrating experience from start to finish. Bought last week.,negative
App keeps crashing and support never replies. Thanks.,negative
Late delivery and the package was damaged.,negative
Received the item as listed. Yet to test fully. Thanks.,neutral
The item exceeded my expectations. Highly recommend! Bought last week.,positive
App keeps crashing and support never replies.,negative
"Overpriced and underwhelming, avoid this brand. Please improve.",negative
"Horrible taste, would not order again. Just sharing my review.",negative
Worst customer service I have ever experienced.,negative
Neither impressed nor disappointed overall. Thanks.,neutral
"Fantastic value for money, I will buy again. Thanks.",positive
Received the item as listed. Yet to test fully. Please improve.,neutral
Perfect fit and the material feels premium. Just sharing my review.,positive
"Amazing app, very easy to use and super fast. Bought last week.",positive
Received the item as listed. Yet to test fully.,neutral
"Happy with the results, five stars from me. Just sharing my review.",positive
Delivery was on time. Packaging was standard. Thanks.,neutral
Looks similar to other brands I have used. Please improve.,neutral
"Average quality for the price, might buy again. Please improve.",neutral
The food was delicious and arrived hot.,positive
The product is not as described and feels cheap.,negative
"Average quality for the price, might buy again.",neutral
The product is not as described and feels cheap. Thanks.,negative
"It does what it says, no major complaints. Bought last week.",neutral
"Outstanding performance, works better than advertised. Thanks.",positive
Delivery was on time. Packaging was standard. Thanks.,neutral
"Best purchase I made this year, totally worth it. Bought last week.",positive
"Happy with the results, five stars from me.",positive
Late delivery and the package was damaged. Thanks.,negative
Late delivery and the package was damaged.,negative
Looks similar to other brands I have used. Bought last week.,neutral
"The movie was fine, not great not terrible. Bought last week.",neutral
Battery life is awful and charging is slow. Thanks.,negative
"Happy with the results, five stars from me. Please improve.",positive
"Great experience, customer service was helpful and friendly. Just sharing my review.",positive
"The movie was fine, not great not terrible. Just sharing my review.",neutral
Delivery was on time. Packaging was standard. Please improve.,neutral
"It does what it says, no major complaints. Just sharing my review.",neutral
The product is not as described and feels cheap. Just sharing my review.,negative
Delivery was on time. Packaging was standard. Please improve.,neutral
"Overpriced and underwhelming, avoid this brand. Please improve.",negative
"Waste of money, I want a refund immediately. Thanks.",negative
"Absolutely loved this product, excellent quality and fast delivery. Bought last week.",positive
"Horrible taste, would not order again. Thanks.",negative
"Average quality for the price, might buy again. Thanks.",neutral
Frustrating experience from start to finish. Bought last week.,negative
"It does what it says, no major complaints.",neutral
"Outstanding performance, works better than advertised. Thanks.",positive
The food was delicious and arrived hot. Thanks.,positive
Late delivery and the package was damaged. Thanks.,negative
"Horrible taste, would not order again. Thanks.",negative
"Overpriced and underwhelming, avoid this brand.",negative
"Outstanding performance, works better than advertised.",positive
Worst customer service I have ever experienced. Thanks.,negative
"Neutral about this, some features are useful. Thanks.",neutral
"Best purchase I made this year, totally worth it. Bought last week.",positive
"Average quality for the price, might buy again. Bought last week.",neutral
"Service was acceptable, waiting time was normal.",neutral
Frustrating experience from start to finish. Bought last week.,negative
Delivery was on time. Packaging was standard. Please improve.,neutral
"The movie was fine, not great not terrible. Please improve.",neutral
The food was delicious and arrived hot. Just sharing my review.,positive
Looks similar to other brands I have used. Thanks.,neutral
Battery life is awful and charging is slow. Bought last week.,negative
App keeps crashing and support never replies. Bought last week.,negative
"Service was acceptable, waiting time was normal.",neutral
"Fantastic value for money, I will buy again. Bought last week.",positive
"Service was acceptable, waiting time was normal.",neutral
"Best purchase I made this year, totally worth it. Bought last week.",positive
"Fantastic value for money, I will buy again. Just sharing my review.",positive
Frustrating experience from start to finish. Just sharing my review.,negative
"Waste of money, I want a refund immediately. Just sharing my review.",negative
"The product is okay, nothing special but it works. Bought last week.",neutral
The food was delicious and arrived hot. Please improve.,positive
Worst customer service I have ever experienced. Bought last week.,negative
"Waste of money, I want a refund immediately. Please improve.",negative
Frustrating experience from start to finish.,negative
Late delivery and the package was damaged. Just sharing my review.,negative
"Waste of money, I want a refund immediately. Thanks.",negative
"Terrible quality, broke after two days. Very disappointed. Just sharing my review.",negative
The item exceeded my expectations. Highly recommend! Bought last week.,positive
"Fantastic value for money, I will buy again. Thanks.",positive
The item exceeded my expectations. Highly recommend! Please improve.,positive
Battery life is awful and charging is slow. Please improve.,negative
Late delivery and the package was damaged.,negative
"Horrible taste, would not order again. Thanks.",negative
App keeps crashing and support never replies. Thanks.,negative
The food was delicious and arrived hot.,positive
Received the item as listed. Yet to test fully. Please improve.,neutral
Looks similar to other brands I have used. Thanks.,neutral
"Average quality for the price, might buy again.",neutral
Delivery was on time. Packaging was standard. Thanks.,neutral
Neither impressed nor disappointed overall. Bought last week.,neutral
"Amazing app, very easy to use and super fast. Thanks.",positive
The product is not as described and feels cheap.,negative
"Average quality for the price, might buy again. Please improve.",neutral
"It does what it says, no major complaints. Just sharing my review.",neutral
Late delivery and the package was damaged. Thanks.,negative
The product is not as described and feels cheap. Bought last week.,negative
"Fantastic value for money, I will buy again. Bought last week.",positive
"Happy with the results, five stars from me. Thanks.",positive
"Happy with the results, five stars from me. Just sharing my review.",positive
Looks similar to other brands I have used. Bought last week.,neutral
"The product is okay, nothing special but it works.",neutral
"Best purchase I made this year, totally worth it. Thanks.",positive
"Average quality for the price, might buy again. Please improve.",neutral
Frustrating experience from start to finish. Just sharing my review.,negative
Looks similar to other brands I have used. Please improve.,neutral
"Absolutely loved this product, excellent quality and fast delivery. Please improve.",positive
"Average quality for the price, might buy again. Please improve.",neutral
"Horrible taste, would not order again. Just sharing my review.",negative
Neither impressed nor disappointed overall. Thanks.,neutral
"Waste of money, I want a refund immediately. Please improve.",negative
"Overpriced and underwhelming, avoid this brand. Please improve.",negative
"Great experience, customer service was helpful and friendly. Please improve.",positive
"Average quality for the price, might buy again. Bought last week.",neutral
Received the item as listed. Yet to test fully.,neutral
"Neutral about this, some features are useful. Bought last week.",neutral
The item exceeded my expectations. Highly recommend! Thanks.,positive
"Happy with the results, five stars from me. Please improve.",positive
The product is not as described and feels cheap.,negative
"The product is okay, nothing special but it works. Please improve.",neutral
"The product is okay, nothing special but it works. Bought last week.",neutral
"It does what it says, no major complaints.",neutral
Late delivery and the package was damaged. Thanks.,negative
"Waste of money, I want a refund immediately.",negative
Delivery was on time. Packaging was standard. Thanks.,neutral
"Great experience, customer service was helpful and friendly.",positive
"Great experience, customer service was helpful and friendly. Thanks.",positive
Late delivery and the package was damaged. Thanks.,negative
Delivery was on time. Packaging was standard. Bought last week.,neutral
"Overpriced and underwhelming, avoid this brand.",negative
"Terrible quality, broke after two days. Very disappointed. Please improve.",negative
"Service was acceptable, waiting time was normal. Thanks.",neutral
Battery life is awful and charging is slow.,negative
Battery life is awful and charging is slow. Bought last week.,negative
The product is not as described and feels cheap.,negative
"Horrible taste, would not order again.",negative
"Waste of money, I want a refund immediately. Thanks.",negative
"Waste of money, I want a refund immediately. Just sharing my review.",negative
Received the item as listed. Yet to test fully.,neutral
"Service was acceptable, waiting time was normal. Bought last week.",neutral
Delivery was on time. Packaging was standard. Bought last week.,neutral
"Overpriced and underwhelming, avoid this brand. Thanks.",negative
"The movie was fine, not great not terrible. Thanks.",neutral
Neither impressed nor disappointed overall.,neutral
Neither impressed nor disappointed overall. Thanks.,neutral
Neither impressed nor disappointed overall. Just sharing my review.,neutral
"Amazing app, very easy to use and super fast. Just sharing my review.",positive
The product is not as described and feels cheap. Thanks.,negative
"Happy with the results, five stars from me. Just sharing my review.",positive
"Neutral about this, some features are useful. Just sharing my review.",neutral
"Amazing app, very easy to use and super fast. Thanks.",positive
"Absolutely loved this product, excellent quality and fast delivery. Bought last week.",positive
"The movie was fine, not great not terrible. Bought last week.",neutral
"It does what it says, no major complaints. Please improve.",neutral
"The product is okay, nothing special but it works. Thanks.",neutral
"Amazing app, very easy to use and super fast. Bought last week.",positive
"Terrible quality, broke after two days. Very disappointed. Please improve.",negative
"The product is okay, nothing special but it works. Just sharing my review.",neutral
"The movie was fine, not great not terrible.",neutral
"Best purchase I made this year, totally worth it. Just sharing my review.",positive
The product is not as described and feels cheap. Bought last week.,negative
"Overpriced and underwhelming, avoid this brand. Thanks.",negative
"Neutral about this, some features are useful. Please improve.",neutral
The food was delicious and arrived hot. Bought last week.,positive
Perfect fit and the material feels premium. Bought last week.,positive
Received the item as listed. Yet to test fully. Please improve.,neutral
Received the item as listed. Yet to test fully.,neutral
"Outstanding performance, works better than advertised.",positive
"Horrible taste, would not order again. Thanks.",negative
Delivery was on time. Packaging was standard. Just sharing my review.,neutral
The food was delicious and arrived hot. Thanks.,positive
The item exceeded my expectations. Highly recommend! Please improve.,positive
"Absolutely loved this product, excellent quality and fast delivery. Thanks.",positive
Perfect fit and the material feels premium. Just sharing my review.,positive
The food was delicious and arrived hot. Please improve.,positive
"Service was acceptable, waiting time was normal. Please improve.",neutral
"Terrible quality, broke after two days. Very disappointed.",negative
Neither impressed nor disappointed overall. Thanks.,neutral
Battery life is awful and charging is slow. Thanks.,negative
Battery life is awful and charging is slow.,negative
Battery life is awful and charging is slow.,negative
Worst customer service I have ever experienced. Please improve.,negative
Looks similar to other brands I have used. Thanks.,neutral
"Outstanding performance, works better than advertised. Please improve.",positive
The item exceeded my expectations. Highly recommend! Just sharing my review.,positive
"Average quality for the price, might buy again. Bought last week.",neutral
"Outstanding performance, works better than advertised.",positive
Delivery was on time. Packaging was standard. Bought last week.,neutral
"The product is okay, nothing special but it works. Thanks.",neutral
Perfect fit and the material feels premium. Bought last week.,positive
Perfect fit and the material feels premium. Thanks.,positive
"Best purchase I made this year, totally worth it.",positive
"Absolutely loved this product, excellent quality and fast delivery.",positive
Delivery was on time. Packaging was standard.,neutral
Frustrating experience from start to finish. Just sharing my review.,negative
The food was delicious and arrived hot. Bought last week.,positive
"Best purchase I made this year, totally worth it. Please improve.",positive
The item exceeded my expectations. Highly recommend! Thanks.,positive
"Overpriced and underwhelming, avoid this brand.",negative
App keeps crashing and support never replies. Just sharing my review.,negative
Worst customer service I have ever experienced.,negative
"Average quality for the price, might buy again.",neutral
"The movie was fine, not great not terrible. Please improve.",neutral
"Service was acceptable, waiting time was normal.",neutral
Frustrating experience from start to finish. Please improve.,negative
"Great experience, customer service was helpful and friendly. Bought last week.",positive
"Great experience, customer service was helpful and friendly.",positive
"The movie was fine, not great not terrible. Bought last week.",neutral
Worst customer service I have ever experienced. Thanks.,negative
Received the item as listed. Yet to test fully. Just sharing my review.,neutral
"Amazing app, very easy to use and super fast. Thanks.",positive
"The movie was fine, not great not terrible.",neutral
Frustrating experience from start to finish. Bought last week.,negative
"Great experience, customer service was helpful and friendly.",positive
Received the item as listed. Yet to test fully. Thanks.,neutral
"Average quality for the price, might buy again. Bought last week.",neutral
"Absolutely loved this product, excellent quality and fast delivery.",positive
"Amazing app, very easy to use and super fast. Please improve.",positive
Perfect fit and the material feels premium. Bought last week.,positive
Looks similar to other brands I have used. Please improve.,neutral
"Overpriced and underwhelming, avoid this brand. Just sharing my review.",negative
"Neutral about this, some features are useful. Just sharing my review.",neutral
"Horrible taste, would not order again. Just sharing my review.",negative
"Great experience, customer service was helpful and friendly. Thanks.",positive
Frustrating experience from start to finish. Bought last week.,negative
"Neutral about this, some features are useful. Bought last week.",neutral
App keeps crashing and support never replies. Bought last week.,negative
Worst customer service I have ever experienced. Just sharing my review.,negative
"Fantastic value for money, I will buy again. Please improve.",positive
App keeps crashing and support never replies.,negative
"The product is okay, nothing special but it works. Thanks.",neutral
"Overpriced and underwhelming, avoid this brand.",negative
Late delivery and the package was damaged. Just sharing my review.,negative
"Best purchase I made this year, totally worth it. Please improve.",positive
"Neutral about this, some features are useful. Please improve.",neutral
"Neutral about this, some features are useful. Thanks.",neutral
"Neutral about this, some features are useful. Thanks.",neutral
"Neutral about this, some features are useful.",neutral
Late delivery and the package was damaged. Please improve.,negative
Received the item as listed. Yet to test fully.,neutral
Delivery was on time. Packaging was standard.,neutral
"Happy with the results, five stars from me.",positive
"The movie was fine, not great not terrible. Thanks.",neutral
"The product is okay, nothing special but it works. Thanks.",neutral
"Outstanding performance, works better than advertised.",positive
"Neutral about this, some features are useful.",neutral
"The product is okay, nothing special but it works.",neutral
The product is not as described and feels cheap.,negative
"Great experience, customer service was helpful and friendly. Just sharing my review.",positive
Late delivery and the package was damaged.,negative
Neither impressed nor disappointed overall. Bought last week.,neutral
"Absolutely loved this product, excellent quality and fast delivery. Please improve.",positive
"Horrible taste, would not order again.",negative
"Great experience, customer service was helpful and friendly. Please improve.",positive
App keeps crashing and support never replies. Bought last week.,negative
Late delivery and the package was damaged.,negative
"Average quality for the price, might buy again.",neutral
Late delivery and the package was damaged.,negative
Battery life is awful and charging is slow. Thanks.,negative
"Absolutely loved this product, excellent quality and fast delivery. Please improve.",positive
"Happy with the results, five stars from me. Bought last week.",positive
The product is not as described and feels cheap. Thanks.,negative
The food was delicious and arrived hot. Please improve.,positive
Looks similar to other brands I have used. Just sharing my review.,neutral
"Terrible quality, broke after two days. Very disappointed.",negative
Perfect fit and the material feels premium. Just sharing my review.,positive
Received the item as listed. Yet to test fully. Thanks.,neutral
"Great experience, customer service was helpful and friendly. Bought last week.",positive
"Neutral about this, some features are useful. Please improve.",neutral
"Absolutely loved this product, excellent quality and fast delivery. Bought last week.",positive
"Great experience, customer service was helpful and friendly.",positive
"Best purchase I made this year, totally worth it.",positive
"Terrible quality, broke after two days. Very disappointed. Bought last week.",negative
App keeps crashing and support never replies. Just sharing my review.,negative
The item exceeded my expectations. Highly recommend! Thanks.,positive
