customer_id,full_name,age,gender,city,signup_date,annual_income,monthly_spend,is_subscribed,score
U1000,User 0,37.0,female,Delhi,09/03/2024,54823.61,390.4,1,56
U1001,User 1,34.0,male,DELHI,07-10-2024,44162.12,122.16,No,95
U1002,User 2,31.0,Female,Bengaluru,,88301.67,241.41,1,5
U1003,User 3,45.0,Male,Bangalore,2024-07-24,87393.97,43.05,0,84
U1004,User 4,47.0,male,Delhi,02-13-2024,55501.66,117.46,True,42
U1005,User 5,58.0,,Mumbai,,62134.15,144.86,1,44
U1006,User 6,49.0,Female,Bengaluru,2024-05-07,58088.45,124.79,YES,69
U1007,User 7,34.0,F,Hyderabad,10-09-2024,55960.21,,False,77
U1008,User 8,43.0,M,Delhi,09/03/2024,56736.29,91.16,False,17
U1009,User 9,40.0,Male,DELHI,03-29-2024,76129.98,233.84,YES,71
U1010,User 10,53.0,female,Delhi,10-24-2024,35776.22,98.0,1,98
U1011,User 11,49.0,M,Bangalore,10/06/2024,44019.04,81.34,No,24
U1012,User 12,37.0,male,,2024-06-26,71817.02,164.09,0,3
U1013,User 13,42.0,Male,mumbai,10/12/2024,58364.42,186.43,yes,26
U1014,User 14,48.0,Female,Pune,18/03/2024,78329.99,143.4,YES,27
U1015,User 15,40.0,  Female ,Pune,21/09/2024,56993.51,76.51,YES,47
U1016,User 16,42.0,M,,2025-01-04,62125.65,249.31,True,4
U1017,User 17,33.0,Female,Mumbai,2025-01-01,52021.79,152.06,1,57
U1018,User 18,32.0,Male,Hyderabad,,,138.68,0,26
U1019,User 19,54.0,female,Hyderabad,,71405.84,146.14,no,56
U1020,User 20,24.0,F,Hyderabad,09-06-2024,35430.1,308.7,YES,31
U1021,User 21,32.0,M,Pune,2024-12-25,66943.71,83.81,yes,90
U1022,User 22,26.0,M,Delhi,03-11-2024,74391.06,234.97,1,48
U1023,User 23,27.0,Male,DELHI,05/09/2024,55135.89,72.51,True,98
U1024,User 24,41.0,,Mumbai,,68297.93,188.11,No,86
U1025,User 25,26.0,Female,Mumbai,,79191.92,75.06,False,74
U1026,User 26,27.0,Male,,2024-04-19,53999.61,268.82,False,30
U1027,User 27,60.0,F,Hyderabad,2024-01-09,61963.96,187.32,yes,84
U1028,User 28,63.0,F,Mumbai,01-16-2025,47189.03,45.88,False,21
U1029,User 29,39.0,Male,Bengaluru,04/05/2024,65460.82,196.84,True,80
U1030,User 30,34.0,Female,Delhi,01-12-2024,38865.23,151.69,1,21
U1031,User 31,44.0,Female,Delhi,2024-07-13,67858.98,56.06,YES,53
U1032,User 32,25.0,M,Hyderabad,2024-07-27,83545.15,341.4,No,9
U1033,User 33,30.0,Other,,2025-01-31,40020.57,151.04,True,57
U1034,User 34,61.0,female,DELHI,12-19-2024,79999.32,163.38,No,15
U1035,User 35,20.0,  Female ,Hyderabad,2024-12-06,55659.6,134.96,False,  88 
U1036,User 36,57.0,Female,mumbai,02-22-2024,44733.07,169.14,no,30
U1037,User 37,60.0,F,Pune,01-25-2024,52543.11,85.66,no,98
U1038,User 38,29.0,male,Mumbai,2024-08-30,56921.81,76.35,True,23
U1039,User 39,41.0,male,Delhi,,49273.85,154.83,yes,75
U1040,User 40,49.0,Female,Bangalore,2024-05-04,76899.25,58.47,1,8
U1041,User 41,27.0,Female,Mumbai,14/05/2024,51460.05,120.73,no,56
U1042,User 42,51.0,Male,Mumbai,08/10/2024,62113.01,81.19,1,95
U1043,User 43,61.0,Female,Delhi,2024-12-09,94544.06,25.61,YES,23
U1044,User 44,41.0,Male,Bengaluru,12/05/2024,53313.25,97.9,yes,8
U1045,User 45,58.0,Male,mumbai,,47644.12,259.61,True,60
U1046,User 46,45.0,male,Delhi,24/01/2025,49559.69,173.74,yes,74
U1047,User 47,,Other,mumbai,,76459.06,278.53,No,27
U1048,User 48,57.0,Male,Mumbai,2024-06-09,54651.87,104.84,YES,27
U1049,User 49,41.0,M,DELHI,04-18-2024,61038.57,213.56,0,59
U1050,User 50,41.0,female,Delhi,,43680.13,240.87,No,55
U1051,User 51,29.0,Male,Pune,2024-09-30,50903.5,59.6,False,27
U1052,User 52,39.0,Male,Delhi,2024-12-17,73573.1,,No,1
U1053,User 53,40.0,Male,mumbai,06-20-2024,29923.37,,no,39
U1054,User 54,,,DELHI,30/03/2024,24176.51,116.56,True,1
U1055,User 55,45.0,Male,Mumbai,17/03/2024,47113.67,82.83,True,81
U1056,User 56,62.0,female,Mumbai,2024-02-06,48891.05,398.48,True,34
U1057,User 57,30.0,Male,Pune,12/06/2024,51216.8,48.37,No,8
U1058,User 58,140.0,Other,mumbai,2024-05-22,51700.93,91.53,0,70
U1059,User 59,51.0,female,Bangalore,07-23-2024,56234.49,117.04,no,73
U1060,User 60,46.0,,Delhi,,48576.85,139.35,yes,97
U1061,User 61,48.0,,Delhi,,80479.96,133.96,yes,76
U1062,User 62,,,mumbai,01-08-2024,70810.52,120.84,1,45
U1063,User 63,22.0,Male,Delhi,10-27-2024,53837.52,111.84,YES,37
U1064,User 64,47.0,Female,Bangalore,2024-05-11,72368.2,108.07,False,68
U1065,User 65,29.0,F,Bangalore,06-12-2024,9392.62,178.88,yes,19
U1066,User 66,20.0,Male,Delhi,03-21-2024,62040.6,134.07,No,57
U1067,User 67,36.0,Male,mumbai,,71423.68,65.68,1,33
U1068,User 68,59.0,M,Delhi,,45801.74,131.36,1,94
U1069,User 69,21.0,Other,Mumbai,2024-06-06,65533.81,161.34,1,18
U1070,User 70,19.0,F,Bengaluru,03/03/2024,44575.12,457.77,yes,56
U1071,User 71,35.0,F,Hyderabad,,61999.24,115.38,0,29
U1072,User 72,21.0,male,Bangalore,07/01/2024,32439.87,209.14,no,28
U1073,User 73,20.0,F,Mumbai,24/01/2025,72208.49,232.44,no,70
U1074,User 74,19.0,Male,Delhi,,56016.77,119.07,1,70
U1075,User 75,54.0,,Bengaluru,,60137.8,241.52,True,83
U1076,User 76,52.0,Female,Hyderabad,2025-01-03,54664.97,211.97,True,86
U1077,User 77,28.0,female,mumbai,2024-04-11,75480.27,222.93,True,88
U1078,User 78,31.0,,Mumbai,03-02-2024,60495.08,96.21,True,84
U1079,User 79,52.0,M,Bengaluru,2024-12-26,72929.74,390.65,No,13
U1080,User 80,37.0,male,Bangalore,17/09/2024,46174.02,209.26,True,80
U1081,User 81,35.0,male,,08/10/2024,66135.04,81.69,False,89
U1082,User 82,29.0,Male,Bengaluru,02-06-2024,84272.84,,True,10
U1083,User 83,40.0,female,Mumbai,2024-08-27,85047.72,169.1,yes,81
U1084,User 84,61.0,,Pune,,,171.16,0,47
U1085,User 85,28.0,  Female ,mumbai,2025-01-05,58869.51,207.91,False,36
U1086,User 86,64.0,,Hyderabad,21/02/2024,29358.32,190.93,1,43
U1087,User 87,28.0,Male,Bengaluru,01/10/2024,48943.27,101.24,yes,45
U1088,User 88,38.0,Male,Hyderabad,28/06/2024,46061.14,259.28,no,98
U1089,User 89,42.0,male,mumbai,02-15-2024,66784.27,268.34,0,87
U1090,User 90,56.0,Female,Bangalore,09/03/2024,53417.66,197.78,True,15
U1091,User 91,52.0,female,Pune,06/01/2024,42583.89,226.54,1,  88 
U1092,User 92,29.0,F,Mumbai,,65452.3,122.4,No,46
U1093,User 93,52.0,Male,Bengaluru,02-29-2024,37218.67,105.35,1,86
U1094,User 94,48.0,Female,Pune,25/06/2024,41981.55,119.27,1,73
U1095,User 95,20.0,male,Bangalore,2024-09-30,49009.07,293.6,False,71
U1096,User 96,24.0,male,Mumbai,2024-11-15,52265.2,125.58,False,7
U1097,User 97,36.0,F,Mumbai,12-26-2024,59063.44,16.24,No,40
U1098,User 98,58.0,  Female ,mumbai,08-03-2024,59282.15,157.2,no,89
U1099,User 99,55.0,Female,Delhi,08/03/2024,44676.91,109.91,YES,34
U1100,User 100,38.0,Male,Bangalore,,60137.46,63.86,No,70
U1101,User 101,34.0,male,Mumbai,,57273.69,97.96,YES,36
U1102,User 102,52.0,,Delhi,,55909.49,132.6,yes,14
U1103,User 103,20.0,Female,Delhi,2024-01-22,28097.14,180.45,no,43
U1104,User 104,48.0,Other,Hyderabad,01-31-2024,63809.09,219.34,no,68
U1105,User 105,48.0,Female,Delhi,2024-08-28,66099.13,63.11,0,92
U1106,User 106,54.0,Female,Pune,08/01/2025,69003.42,173.86,False,64
U1107,User 107,63.0,Female,Hyderabad,07/10/2024,58084.35,71.72,no,46
U1108,User 108,35.0,Other,Pune,04-06-2024,74556.61,85.67,no,12
U1109,User 109,62.0,,Mumbai,12-06-2024,64019.28,203.96,No,86
U1110,User 110,46.0,Female,Pune,2024-04-14,47846.93,82.86,True,96
U1111,User 111,34.0,,Hyderabad,31/01/2024,54157.63,-80.0,no,52
U1112,User 112,46.0,F,DELHI,06-22-2024,44962.29,104.57,1,51
U1113,User 113,24.0,F,Hyderabad,25/11/2024,37452.75,205.37,No,81
U1114,User 114,27.0,,Pune,,67828.26,182.64,1,54
U1115,User 115,32.0,Male,Pune,24/11/2024,50624.01,173.51,1,14
U1116,User 116,26.0,Male,Bengaluru,06/07/2024,67652.77,88.91,False,68
U1117,User 117,56.0,Male,DELHI,2024-02-29,88768.55,156.3,YES,19
U1118,User 118,51.0,Female,Delhi,,74005.92,188.42,No,20
U1119,User 119,56.0,Other,Hyderabad,,37866.82,125.33,0,  88 
U1120,User 120,28.0,Male,Hyderabad,2024-08-31,45037.17,87.23,no,59
U1121,User 121,20.0,Female,Delhi,2024-10-10,65479.09,140.76,No,18
U1122,User 122,47.0,Female,Bangalore,2024-04-22,62725.44,140.3,0,33
U1123,User 123,37.0,Female,Pune,2024-01-17,79054.06,278.31,True,83
U1124,User 124,63.0,male,mumbai,2025-01-22,48610.69,152.25,1,88
U1125,User 125,27.0,male,Bangalore,2024-09-27,32451.03,123.42,0,32
U1126,User 126,30.0,Male,Delhi,06-19-2024,38484.47,138.95,No,89
U1127,User 127,35.0,Male,Delhi,31/01/2025,76591.94,107.69,No,33
U1128,User 128,59.0,Male,Delhi,,58076.36,98.89,False,75
U1129,User 129,140.0,Female,Delhi,06/08/2024,70202.74,122.93,No,3
U1130,User 130,42.0,female,Bengaluru,12/02/2024,49129.21,129.79,0,17
U1131,User 131,29.0,Female,Delhi,15/01/2024,42043.45,118.49,YES,  88 
U1132,User 132,45.0,female,Pune,04/10/2024,67044.24,99.95,No,47
U1133,User 133,19.0,Male,Hyderabad,02-03-2025,31303.91,294.34,YES,55
U1134,User 134,30.0,Female,Pune,2024-01-09,64011.69,104.26,YES,96
U1135,User 135,36.0,Male,Bangalore,,84417.95,253.35,no,6
U1136,User 136,61.0,female,Pune,05-26-2024,14530.15,125.29,yes,36
U1137,User 137,,F,Hyderabad,26/07/2024,38304.09,95.23,1,41
U1138,User 138,51.0,Female,Bangalore,2024-03-03,54792.39,111.98,YES,33
U1139,User 139,30.0,M,Mumbai,2024-06-29,46788.74,60.37,0,49
U1140,User 140,51.0,M,Delhi,2025-01-21,52911.48,161.16,False,22
U1141,User 141,38.0,Female,Delhi,2024-10-11,94986.36,223.48,False,43
U1142,User 142,58.0,  Female ,,2024-11-12,,172.12,yes,8
U1143,User 143,22.0,female,Pune,29/07/2024,,149.33,1,16
U1144,User 144,23.0,Male,DELHI,2024-12-28,37378.38,415.5,False,8
U1145,User 145,46.0,F,Delhi,05-24-2024,29847.99,91.11,0,61
U1146,User 146,22.0,Male,,2024-02-06,63016.98,,0,18
U1147,User 147,60.0,M,Pune,2024-04-07,25918.94,178.64,True,86
U1148,User 148,21.0,M,mumbai,2024-09-28,31639.6,65.46,No,41
U1149,User 149,32.0,Female,Bengaluru,03-22-2024,55821.2,101.49,0,26
U1150,User 150,59.0,Other,Delhi,2024-07-01,65577.9,90.65,True,56
U1151,User 151,40.0,male,,14/08/2024,39392.12,199.52,1,6
U1152,User 152,,Female,Bangalore,25/07/2024,41693.29,152.27,no,53
U1153,User 153,52.0,Female,Mumbai,,25589.93,130.49,True,55
U1154,User 154,38.0,Female,Delhi,11/01/2025,64173.28,113.0,yes,43
U1155,User 155,58.0,Male,Bengaluru,10/02/2024,55635.97,43.36,0,75
U1156,User 156,49.0,Female,Bengaluru,05/10/2024,55182.32,194.05,YES,87
U1157,User 157,49.0,,Delhi,22/08/2024,31392.9,341.38,yes,72
U1158,User 158,57.0,male,Pune,2024-10-15,69610.91,254.54,True,82
U1159,User 159,24.0,F,Delhi,12-29-2024,250000.0,146.28,True,42
U1160,User 160,,female,,2024-11-05,71010.79,246.55,1,39
U1161,User 161,37.0,,Hyderabad,29/03/2024,43193.68,187.04,yes,5
U1162,User 162,30.0,male,Bengaluru,,60872.47,,No,51
U1163,User 163,32.0,Other,DELHI,10-10-2024,41414.19,300.12,No,94
U1164,User 164,63.0,male,mumbai,13/12/2024,72313.22,56.08,True,  88 
U1165,User 165,18.0,Female,Mumbai,2024-10-02,33228.37,136.61,True,12
U1166,User 166,27.0,Female,Pune,2024-03-01,60423.1,314.63,No,19
U1167,User 167,43.0,female,Hyderabad,,33026.22,73.67,0,89
U1168,User 168,41.0,male,Bengaluru,2024-05-17,47303.97,146.38,No,35
U1169,User 169,60.0,male,Hyderabad,2024-12-10,66506.93,125.7,False,57
U1170,User 170,45.0,,,2024-01-26,34459.55,94.78,False,60
U1171,User 171,63.0,female,Bangalore,2024-07-03,63439.19,302.93,0,42
U1172,User 172,35.0,Female,Delhi,10-23-2024,68598.29,94.94,1,45
U1173,User 173,63.0,Male,Hyderabad,2024-06-13,18974.26,126.1,No,84
U1174,User 174,41.0,,mumbai,28/08/2024,63561.77,127.66,0,56
U1175,User 175,23.0,F,,01-15-2025,75262.63,116.32,no,98
U1176,User 176,55.0,,mumbai,2024-05-24,41530.73,115.73,0,4
U1177,User 177,27.0,male,Delhi,2024-03-04,39529.58,81.99,yes,13
U1178,User 178,51.0,Male,Mumbai,02-24-2024,25732.68,109.62,no,49
U1179,User 179,59.0,F,Delhi,2024-12-23,37693.08,296.15,0,67
U1180,User 180,55.0,female,Bengaluru,17/07/2024,73340.12,151.22,False,95
U1181,User 181,31.0,  Female ,DELHI,2024-06-15,47485.17,137.9,YES,93
U1182,User 182,31.0,Male,Bangalore,10-30-2024,63998.08,225.44,yes,94
U1183,User 183,23.0,Female,DELHI,15/01/2025,43758.83,117.26,no,45
U1184,User 184,30.0,Male,Bangalore,2024-01-13,52982.48,53.15,no,69
U1185,User 185,44.0,Female,Bangalore,04/01/2024,77426.62,211.21,False,28
U1186,User 186,29.0,,,15/01/2024,79240.91,79.34,no,93
U1187,User 187,57.0,F,Hyderabad,10-29-2024,57752.2,112.24,False,85
U1188,User 188,,male,Delhi,08-22-2024,51259.55,60.6,False,75
U1189,User 189,45.0,Female,Bengaluru,05/11/2024,40772.51,88.61,yes,67
U1190,User 190,25.0,Female,Mumbai,2024-01-11,69437.68,88.55,1,19
U1191,User 191,59.0,Female,Delhi,2024-12-11,52845.09,161.29,no,70
U1192,User 192,63.0,Male,Delhi,2024-12-16,250000.0,54.31,no,68
U1193,User 193,48.0,female,,2024-11-16,24714.66,,No,31
U1194,User 194,56.0,Female,Pune,13/05/2024,47226.49,117.26,no,99
U1195,User 195,49.0,Male,Hyderabad,2024-08-10,52350.81,123.46,YES,  88 
U1196,User 196,64.0,Male,Delhi,2024-06-28,64214.01,136.0,yes,65
U1197,User 197,36.0,Female,Hyderabad,2024-09-06,,63.49,YES,97
U1198,User 198,29.0,Female,Pune,2024-12-29,52551.46,190.15,yes,80
U1199,User 199,42.0,Male,mumbai,20/01/2025,,185.76,No,77
U1200,User 200,48.0,Other,Delhi,,60665.63,185.04,YES,69
U1201,User 201,56.0,female,Pune,2024-02-27,61021.7,73.2,YES,7
U1202,User 202,60.0,male,Delhi,24/06/2024,40364.73,76.47,No,4
U1203,User 203,21.0,F,Delhi,2024-01-04,51087.43,145.73,1,72
U1204,User 204,38.0,Female,,2024-04-01,36555.89,105.62,no,2
U1205,User 205,48.0,male,Bengaluru,18/03/2024,73231.19,125.31,No,67
U1206,User 206,40.0,Other,Delhi,18/05/2024,62614.51,111.83,False,74
U1207,User 207,22.0,Female,Delhi,12-21-2024,57304.44,286.62,False,23
U1208,User 208,19.0,M,Bangalore,08-18-2024,58201.65,186.6,no,31
U1209,User 209,52.0,Male,Bangalore,,76854.73,86.55,0,84
U1210,User 210,62.0,Other,Hyderabad,2024-11-05,91320.25,127.6,True,48
U1211,User 211,47.0,male,Pune,2024-11-15,56476.99,79.93,1,68
U1212,User 212,52.0,male,,02-03-2025,56489.62,108.57,True,33
U1213,User 213,42.0,Other,Bangalore,19/04/2024,62151.03,117.93,no,16
U1214,User 214,63.0,Male,Bengaluru,08-29-2024,81153.92,98.15,YES,20
U1215,User 215,33.0,,Pune,2024-07-20,68966.02,140.83,No,23
U1216,User 216,28.0,male,mumbai,22/01/2024,62188.23,172.31,YES,31
U1217,User 217,52.0,male,Bangalore,12/12/2024,68912.8,117.65,1,70
U1218,User 218,54.0,female,DELHI,2024-08-05,62513.82,77.9,0,44
U1219,User 219,58.0,M,Mumbai,22/04/2024,29879.93,126.87,False,49
U1220,User 220,27.0,male,Delhi,09-17-2024,74268.0,133.26,False,29
U1221,User 221,24.0,Male,Bangalore,12-02-2024,40679.69,334.67,No,60
U1222,User 222,25.0,male,,23/07/2024,53460.67,174.42,1,96
U1223,User 223,60.0,,Bangalore,14/05/2024,41071.28,,yes,82
U1224,User 224,61.0,Male,DELHI,10/12/2024,50280.02,138.29,No,94
U1225,User 225,47.0,,Hyderabad,2024-02-05,59315.47,222.04,no,44
U1226,User 226,,Female,mumbai,,79458.16,168.06,yes,11
U1227,User 227,52.0,female,Mumbai,,47417.4,142.62,yes,26
U1228,User 228,49.0,F,Delhi,05/09/2024,81340.14,91.1,True,24
U1229,User 229,54.0,Male,Mumbai,05-09-2024,26175.73,168.95,yes,52
U1230,User 230,37.0,,DELHI,2024-03-24,32843.34,109.95,no,13
U1231,User 231,,F,Delhi,13/09/2024,39750.72,175.66,1,43
U1232,User 232,61.0,F,mumbai,08-18-2024,68770.58,207.83,YES,59
U1233,User 233,38.0,M,mumbai,07-24-2024,38247.41,239.16,1,42
U1234,User 234,42.0,Female,Delhi,2024-12-22,32554.81,208.99,YES,54
U1235,User 235,57.0,Female,Bengaluru,20/09/2024,87337.58,153.56,no,51
U1236,User 236,48.0,Male,Mumbai,2024-06-17,52612.58,69.81,0,13
U1237,User 237,32.0,Male,Bangalore,,81778.42,82.86,True,19
U1238,User 238,53.0,F,Pune,,73571.4,129.65,No,65
U1239,User 239,42.0,Female,Pune,,69515.57,194.37,1,45
U1240,User 240,34.0,Male,Bengaluru,2024-04-03,77651.78,142.17,True,  88 
U1241,User 241,41.0,Other,Bengaluru,,50153.96,166.9,True,55
U1242,User 242,62.0,Male,Bangalore,2024-05-11,34213.92,228.07,yes,47
U1243,User 243,60.0,,Delhi,17/05/2024,64321.97,173.42,yes,63
U1244,User 244,21.0,F,Mumbai,2024-04-21,48662.31,112.49,0,  88 
U1245,User 245,18.0,F,Bengaluru,16/11/2024,65823.71,308.45,No,11
U1246,User 246,24.0,Female,Hyderabad,01-02-2024,71241.75,192.53,True,3
U1247,User 247,27.0,Female,Bengaluru,2024-08-29,40498.71,202.08,1,67
U1248,User 248,49.0,Male,Delhi,2024-12-18,44355.85,162.96,True,88
U1249,User 249,50.0,,mumbai,13/02/2024,53398.32,272.9,True,70
U1250,User 250,38.0,M,Mumbai,2024-11-16,77858.53,307.28,YES,12
U1251,User 251,49.0,Female,,04/09/2024,250000.0,191.28,False,87
U1252,User 252,34.0,Male,Delhi,2024-07-13,88013.9,244.83,1,54
U1253,User 253,30.0,Male,Hyderabad,2024-05-29,25395.56,127.35,yes,1
U1254,User 254,53.0,Other,,,84139.95,236.6,False,94
U1255,User 255,44.0,M,Bengaluru,22/07/2024,250000.0,215.72,YES,4
U1256,User 256,54.0,M,DELHI,05-04-2024,64619.71,73.84,True,95
U1257,User 257,35.0,male,Delhi,27/07/2024,65361.13,206.36,No,75
U1258,User 258,58.0,,Bangalore,2024-01-15,13320.99,44.0,True,75
U1259,User 259,50.0,female,mumbai,2024-01-22,49902.12,77.38,yes,90
U1260,User 260,26.0,Female,Delhi,,52356.12,223.97,False,64
U1261,User 261,51.0,,Delhi,2025-01-02,76817.06,60.18,No,12
U1262,User 262,56.0,Female,DELHI,2024-11-18,53517.6,80.78,yes,51
U1263,User 263,59.0,,Mumbai,2024-08-05,80657.22,214.37,No,16
U1264,User 264,49.0,Male,Bengaluru,2024-05-11,87787.21,150.35,YES,16
U1265,User 265,26.0,M,Mumbai,02-05-2024,65571.47,89.19,1,9
U1266,User 266,58.0,Female,Pune,07-08-2024,58491.61,126.25,True,49
U1267,User 267,48.0,Male,DELHI,,36618.4,170.65,yes,66
U1268,User 268,45.0,Female,Pune,2024-01-14,66632.46,120.72,True,34
U1269,User 269,64.0,female,Mumbai,24/12/2024,49548.26,380.44,True,71
U1270,User 270,59.0,male,Bangalore,,80396.74,266.3,yes,90
U1271,User 271,23.0,M,mumbai,01-09-2025,28988.64,74.87,True,32
U1272,User 272,54.0,,Bangalore,11/02/2024,43240.57,237.11,True,2
U1273,User 273,57.0,Female,DELHI,2024-04-11,72117.34,148.16,0,71
U1274,User 274,61.0,female,Bangalore,2024-01-19,86385.11,17.5,no,60
U1275,User 275,51.0,F,Mumbai,04-11-2024,68452.5,253.36,YES,7
U1276,User 276,48.0,male,Hyderabad,20/01/2024,78466.27,218.63,False,83
U1277,User 277,27.0,female,Bengaluru,,58805.73,75.67,True,61
U1278,User 278,37.0,  Female ,Pune,10/01/2025,250000.0,145.35,yes,5
U1279,User 279,28.0,,Delhi,10-31-2024,60090.98,107.92,no,66
U1280,User 280,36.0,Male,Pune,09/12/2024,65047.08,143.86,1,  88 
U1281,User 281,48.0,Male,,2024-04-06,59633.14,121.33,1,2
U1282,User 282,37.0,Male,,2024-06-11,51205.13,231.54,False,54
U1283,User 283,24.0,M,Hyderabad,2025-01-01,63681.54,122.86,0,50
U1284,User 284,49.0,male,DELHI,,60556.07,293.94,1,6
U1285,User 285,33.0,Female,mumbai,11-05-2024,64208.53,163.53,no,37
U1286,User 286,33.0,male,Delhi,,15683.48,116.17,yes,70
U1287,User 287,41.0,female,Pune,2024-05-09,40399.2,146.66,no,58
U1288,User 288,18.0,,Delhi,2025-01-14,46673.66,118.46,yes,42
U1289,User 289,53.0,Male,Delhi,2024-04-02,29160.65,86.66,False,59
U1290,User 290,22.0,Male,Delhi,04-25-2024,39198.47,103.89,1,44
U1291,User 291,55.0,Male,Delhi,20/08/2024,68719.84,162.9,No,9
U1292,User 292,55.0,,Bengaluru,26/11/2024,61669.17,148.25,0,6
U1293,User 293,29.0,Female,Pune,,73560.18,172.64,0,63
U1294,User 294,61.0,male,DELHI,21/09/2024,72325.21,140.58,True,39
U1295,User 295,44.0,M,DELHI,,73751.45,117.13,yes,76
U1296,User 296,21.0,F,Hyderabad,2024-07-10,56696.07,87.29,1,11
U1297,User 297,26.0,F,mumbai,2024-04-18,80206.52,120.02,yes,81
U1298,User 298,33.0,M,Bangalore,2024-06-07,45676.09,173.81,no,72
U1299,User 299,18.0,male,Bangalore,2024-09-22,79282.5,88.27,no,82
U1300,User 300,42.0,,Bengaluru,2024-05-01,71853.28,103.54,yes,78
U1301,User 301,26.0,Other,Hyderabad,,67629.11,162.24,False,6
U1302,User 302,54.0,Male,Mumbai,,55537.55,160.89,0,17
U1303,User 303,,Female,Hyderabad,30/07/2024,43636.84,87.1,True,18
U1304,User 304,50.0,Male,DELHI,21/09/2024,55839.08,178.2,1,12
U1305,User 305,25.0,Female,Hyderabad,2024-08-21,28461.76,163.81,No,73
U1306,User 306,64.0,,Bengaluru,2025-01-31,74497.8,342.02,no,96
U1307,User 307,49.0,Male,mumbai,2024-01-06,47166.81,84.48,YES,82
U1308,User 308,45.0,male,Bangalore,09-27-2024,48274.5,310.47,False,45
U1309,User 309,61.0,Female,,2024-10-25,22896.5,162.1,False,90
U1310,User 310,37.0,male,Mumbai,2024-07-03,36831.43,57.15,1,74
U1311,User 311,39.0,Male,Hyderabad,11/03/2024,102905.54,123.84,True,70
U1312,User 312,60.0,male,Bangalore,,44118.21,121.25,True,23
U1313,User 313,57.0,M,Hyderabad,,74042.32,234.61,0,80
U1314,User 314,31.0,male,Hyderabad,07-29-2024,32349.43,103.8,1,17
U1315,User 315,50.0,,Mumbai,01-14-2025,31163.13,70.09,no,57
U1316,User 316,27.0,,DELHI,2024-07-11,54826.73,175.38,YES,31
U1317,User 317,20.0,Female,Bangalore,18/11/2024,,158.19,No,70
U1318,User 318,30.0,Male,Hyderabad,17/07/2024,44320.49,202.96,False,74
U1319,User 319,23.0,Male,Delhi,21/07/2024,55058.64,266.64,yes,58
U1320,User 320,32.0,female,,12-17-2024,41195.18,253.75,1,53
U1321,User 321,31.0,female,Mumbai,2024-04-09,76994.51,385.51,No,1
U1322,User 322,40.0,Male,Bangalore,09-13-2024,91347.02,308.64,0,83
U1323,User 323,63.0,  Female ,Bangalore,,73965.83,192.5,0,68
U1324,User 324,31.0,female,Bangalore,,30555.76,148.09,1,2
U1325,User 325,36.0,Male,Mumbai,2025-01-09,63169.04,157.17,1,53
U1326,User 326,58.0,  Female ,Bengaluru,2025-01-25,44663.5,227.24,True,55
U1327,User 327,33.0,female,mumbai,03/08/2024,44653.44,108.73,YES,3
U1328,User 328,64.0,  Female ,Bengaluru,,67892.39,124.01,False,43
U1329,User 329,49.0,  Female ,DELHI,,57051.82,194.96,1,7
U1330,User 330,63.0,Male,Hyderabad,2024-12-22,57165.82,68.91,no,17
U1331,User 331,55.0,Female,Mumbai,2024-08-19,55937.91,106.17,False,84
U1332,User 332,50.0,Male,DELHI,2024-12-18,38898.96,89.82,True,36
U1333,User 333,51.0,M,Hyderabad,2024-08-06,36773.76,270.14,YES,13
U1334,User 334,50.0,male,Pune,2024-09-25,49976.64,77.25,yes,49
U1335,User 335,57.0,Female,mumbai,,,117.32,True,53
U1336,User 336,20.0,Other,Hyderabad,25/12/2024,62491.3,103.48,No,39
U1337,User 337,23.0,Male,Delhi,05-07-2024,70995.73,125.13,False,12
U1338,User 338,40.0,Female,Bengaluru,,51840.77,185.09,False,90
U1339,User 339,36.0,Other,Bangalore,,58189.93,174.26,yes,7
U1340,User 340,46.0,Female,Mumbai,09/06/2024,71559.63,161.22,1,37
U1341,User 341,29.0,male,Pune,2024-04-21,50493.33,192.93,1,66
U1342,User 342,60.0,Female,Pune,2024-05-23,62780.08,171.9,yes,87
U1343,User 343,26.0,Male,Bangalore,01-07-2025,58911.62,31.16,no,70
U1344,User 344,22.0,Female,Pune,,49254.65,197.68,no,58
U1345,User 345,53.0,Female,Delhi,28/11/2024,32139.93,160.31,1,44
U1346,User 346,42.0,male,Delhi,25/11/2024,37977.07,278.65,0,81
U1347,User 347,57.0,male,Delhi,2024-07-25,73718.03,85.7,YES,46
U1348,User 348,38.0,Male,Delhi,06-29-2024,25916.74,146.65,no,59
U1349,User 349,64.0,  Female ,DELHI,11/03/2024,86965.08,172.12,No,  88 
U1350,User 350,25.0,Male,Delhi,2024-10-28,,314.8,YES,78
U1351,User 351,39.0,  Female ,,2025-01-07,23159.27,70.15,True,5
U1352,User 352,63.0,,Mumbai,2024-02-13,45254.7,157.46,True,22
U1353,User 353,22.0,Female,Hyderabad,07-23-2024,14431.84,161.67,yes,84
U1354,User 354,61.0,  Female ,Delhi,10/01/2025,24284.97,88.52,YES,10
U1355,User 355,58.0,Female,Bangalore,2024-03-07,56788.9,125.37,no,61
U1356,User 356,24.0,Male,Delhi,01/03/2024,26818.79,126.78,YES,61
U1357,User 357,44.0,male,Hyderabad,12/06/2024,27731.28,96.26,YES,14
U1358,User 358,29.0,,Mumbai,06-02-2024,55973.6,163.31,0,26
U1359,User 359,27.0,F,Delhi,25/01/2025,250000.0,172.68,True,31
U1360,User 360,44.0,,,09-06-2024,63956.38,163.08,0,47
U1361,User 361,34.0,M,Delhi,,59144.11,64.7,0,54
U1362,User 362,30.0,male,Delhi,04-08-2024,53964.1,106.62,yes,24
U1363,User 363,58.0,male,Delhi,2024-02-28,65253.54,332.46,yes,32
U1364,User 364,49.0,Other,Mumbai,06-02-2024,,102.52,1,64
U1365,User 365,29.0,Male,Delhi,03/01/2024,56122.77,69.3,0,88
U1366,User 366,55.0,Female,Delhi,2024-10-04,64111.77,125.61,yes,72
U1367,User 367,59.0,  Female ,Delhi,2024-11-15,7904.84,39.97,0,  88 
U1368,User 368,37.0,F,Mumbai,02/05/2024,47073.32,426.93,False,50
U1369,User 369,48.0,M,Bangalore,2024-09-14,80855.68,61.74,0,4
U1370,User 370,63.0,M,Pune,11/07/2024,44856.88,89.69,0,37
U1371,User 371,36.0,Female,Pune,2024-07-05,64020.69,98.75,0,99
U1372,User 372,25.0,M,mumbai,07/04/2024,59160.71,171.77,0,61
U1373,User 373,20.0,male,Bangalore,2024-10-20,43630.43,55.13,1,28
U1374,User 374,27.0,Male,Hyderabad,2024-05-25,63101.77,495.0,0,84
U1375,User 375,18.0,male,,,46735.63,143.73,yes,38
U1376,User 376,51.0,Male,Hyderabad,2024-07-20,46118.72,49.02,YES,30
U1377,User 377,61.0,Male,Mumbai,06-29-2024,45920.48,336.54,No,1
U1378,User 378,43.0,  Female ,,,39320.12,171.0,yes,14
U1379,User 379,62.0,female,Delhi,2024-04-15,36903.09,122.17,No,43
U1380,User 380,47.0,,Mumbai,,46165.05,48.77,No,57
U1381,User 381,64.0,F,DELHI,,56148.95,149.61,No,18
U1382,User 382,43.0,female,Delhi,2024-01-26,48127.48,120.23,0,44
U1383,User 383,36.0,Female,Pune,,46948.21,60.67,no,41
U1384,User 384,58.0,Female,,,101160.46,154.4,False,54
U1385,User 385,54.0,Male,Pune,18/04/2024,67992.62,115.44,yes,90
U1386,User 386,35.0,female,Pune,06-17-2024,25245.35,113.01,no,46
U1387,User 387,38.0,female,mumbai,11-19-2024,59503.19,242.28,True,71
U1388,User 388,20.0,Female,Pune,,60214.66,275.22,False,61
U1389,User 389,35.0,female,Delhi,2024-05-17,118155.87,211.98,False,83
U1390,User 390,50.0,F,Delhi,01-06-2024,61084.83,194.04,yes,95
U1391,User 391,31.0,M,Bengaluru,2024-01-16,92913.4,208.4,No,79
U1392,User 392,42.0,male,Hyderabad,05-26-2024,47754.12,89.03,no,22
U1393,User 393,56.0,male,mumbai,02-07-2024,41009.81,125.02,yes,26
U1394,User 394,46.0,  Female ,Hyderabad,2024-02-21,34181.3,205.53,No,25
U1395,User 395,33.0,,Bengaluru,2024-09-10,70888.61,188.62,yes,75
U1396,User 396,29.0,F,Mumbai,10-22-2024,38512.68,85.87,no,99
U1397,User 397,,female,Pune,2024-05-05,43338.63,159.76,1,  88 
U1398,User 398,55.0,Other,Pune,,64254.97,80.34,True,97
U1399,User 399,57.0,F,,,49122.64,91.75,yes,64
U1400,User 400,20.0,male,Delhi,22/02/2024,57728.13,209.79,No,46
U1401,User 401,32.0,male,Mumbai,18/06/2024,32372.99,173.33,No,75
U1402,User 402,27.0,  Female ,Bengaluru,,12094.61,168.35,True,48
U1403,User 403,48.0,Other,Delhi,,78129.47,130.36,no,36
U1404,User 404,18.0,male,Bengaluru,2024-05-14,75856.62,170.02,False,56
U1405,User 405,26.0,male,Bangalore,04/05/2024,50556.84,139.26,no,47
U1406,User 406,50.0,,Delhi,04-20-2024,56891.86,101.64,1,56
U1407,User 407,52.0,Female,,01-16-2024,38082.17,207.64,True,82
U1408,User 408,54.0,F,mumbai,2025-01-03,50295.96,44.54,No,72
U1409,User 409,21.0,Male,mumbai,09-25-2024,98615.97,120.95,True,77
U1410,User 410,43.0,Female,DELHI,25/11/2024,87265.4,273.06,yes,52
U1411,User 411,49.0,M,Bengaluru,04-27-2024,60066.64,115.89,False,98
U1412,User 412,26.0,male,Bengaluru,,20756.39,105.85,0,73
U1413,User 413,52.0,male,Pune,2024-05-04,64416.56,,YES,  88 
U1414,User 414,20.0,Other,Mumbai,,50250.69,112.38,False,77
U1415,User 415,58.0,Male,,2024-12-10,47563.81,223.74,True,37
U1416,User 416,31.0,female,Mumbai,2024-04-22,54896.8,301.56,YES,35
U1417,User 417,58.0,Female,Bangalore,01-21-2024,89715.75,173.47,no,45
U1418,User 418,36.0,M,Bengaluru,,57670.93,104.31,False,69
U1419,User 419,56.0,  Female ,Delhi,08/02/2024,72963.73,270.23,no,28
U1420,User 420,40.0,F,DELHI,08-31-2024,62710.7,266.3,False,54
U1421,User 421,27.0,Female,Bengaluru,11-14-2024,62145.66,181.4,no,83
U1422,User 422,53.0,M,Mumbai,01-08-2024,67048.47,76.19,0,95
U1423,User 423,49.0,  Female ,DELHI,01-10-2024,47542.71,110.59,YES,32
U1424,User 424,62.0,,DELHI,,30645.87,122.24,0,54
U1425,User 425,31.0,female,Bengaluru,28/08/2024,83793.98,,True,89
U1426,User 426,55.0,M,Bengaluru,23/07/2024,27642.92,191.2,True,78
U1427,User 427,35.0,,,08-16-2024,60273.9,137.94,No,66
U1428,User 428,34.0,Male,Hyderabad,02/02/2025,87736.43,,False,12
U1429,User 429,28.0,Other,Pune,2025-01-07,61291.42,,No,81
U1430,User 430,18.0,male,,,65905.36,69.03,1,64
U1431,User 431,42.0,Female,Delhi,2024-07-23,65911.53,127.88,False,49
U1432,User 432,63.0,Male,Delhi,08-11-2024,76068.73,274.39,yes,12
U1433,User 433,46.0,Female,Bengaluru,2024-12-28,79526.9,145.01,0,70
U1434,User 434,49.0,male,Pune,10-24-2024,29286.88,99.28,True,67
U1435,User 435,50.0,male,Pune,,78714.01,-80.0,No,26
U1436,User 436,33.0,Female,Pune,12-31-2024,53928.88,76.58,no,33
U1437,User 437,61.0,,mumbai,2024-07-22,41410.02,173.08,0,96
U1438,User 438,61.0,male,mumbai,2024-10-08,35675.03,112.36,1,63
U1439,User 439,53.0,M,Delhi,02/06/2024,59662.0,288.97,yes,53
U1440,User 440,22.0,male,Bengaluru,,44969.74,348.12,1,43
U1441,User 441,19.0,Female,DELHI,2024-01-02,,24.97,False,53
U1442,User 442,34.0,male,Pune,,54973.34,183.58,no,82
U1443,User 443,64.0,Male,Pune,05/09/2024,,-80.0,True,6
U1444,User 444,41.0,female,Delhi,2024-04-10,69365.99,116.6,yes,13
U1445,User 445,59.0,Male,Pune,,76216.94,228.6,yes,21
U1446,User 446,31.0,Female,DELHI,08-20-2024,75833.63,207.33,1,25
U1447,User 447,52.0,Male,Mumbai,01-18-2025,82340.05,335.7,no,13
U1448,User 448,23.0,female,Pune,31/01/2025,50313.68,129.46,No,43
U1449,User 449,38.0,Male,Pune,12/07/2024,41843.67,378.96,No,  88 
U1450,User 450,23.0,female,Pune,03-15-2024,53479.37,130.9,False,35
U1451,User 451,18.0,Male,mumbai,,46191.34,186.2,no,3
U1452,User 452,49.0,female,Bengaluru,2024-08-09,31378.05,80.9,yes,10
U1453,User 453,28.0,Male,Hyderabad,2024-12-11,50377.78,88.79,YES,66
U1454,User 454,63.0,male,Mumbai,2024-05-15,67374.65,104.5,True,43
U1455,User 455,64.0,female,,2025-01-25,76789.56,135.37,No,97
U1456,User 456,64.0,Female,Mumbai,2024-10-16,53308.19,84.57,No,57
U1457,User 457,53.0,male,mumbai,21/01/2024,74461.08,264.23,True,39
U1458,User 458,40.0,Female,Bangalore,19/12/2024,55118.34,210.59,YES,73
U1459,User 459,29.0,male,Bengaluru,25/01/2024,12120.88,106.34,True,83
U1460,User 460,53.0,Male,Bangalore,05-11-2024,30520.52,62.53,no,20
U1461,User 461,140.0,Female,Bengaluru,2024-06-21,62334.7,398.59,True,54
U1462,User 462,27.0,,Hyderabad,12-05-2024,22405.68,297.97,yes,29
U1463,User 463,28.0,Female,,01-28-2024,30968.47,85.62,No,99
U1464,User 464,50.0,M,Pune,2024-06-24,27555.74,118.32,1,45
U1465,User 465,52.0,Female,Bangalore,,51216.5,185.72,No,8
U1466,User 466,39.0,female,DELHI,2024-06-27,59263.61,163.04,False,84
U1467,User 467,22.0,Male,Bangalore,2024-05-01,24221.82,102.69,no,89
U1468,User 468,48.0,Female,Hyderabad,08/01/2024,,204.31,True,38
U1469,User 469,25.0,Male,Pune,,55159.74,193.29,False,46
U1470,User 470,19.0,female,Mumbai,2024-09-19,31185.71,173.98,no,72
U1471,User 471,61.0,,Pune,09-07-2024,55678.32,239.67,0,4
U1472,User 472,53.0,male,mumbai,,41361.0,105.36,no,88
U1473,User 473,51.0,M,Bengaluru,2024-04-25,41104.73,178.26,No,1
U1474,User 474,44.0,male,Pune,,32162.25,83.51,no,19
U1475,User 475,51.0,M,,06-18-2024,54650.63,172.77,no,32
U1476,User 476,43.0,Female,Mumbai,01-31-2025,50451.38,210.84,YES,64
U1477,User 477,62.0,F,Delhi,2024-05-17,50277.51,34.16,True,78
U1478,User 478,28.0,Female,Mumbai,14/05/2024,52686.12,234.05,YES,18
U1479,User 479,38.0,Female,Pune,,59208.03,420.83,0,33
U1480,User 480,,Male,mumbai,2024-05-20,51365.58,393.3,0,80
U1481,User 481,37.0,Male,Mumbai,14/08/2024,19200.4,72.14,False,33
U1482,User 482,20.0,Other,Mumbai,10/11/2024,54098.33,69.39,1,36
U1483,User 483,60.0,Other,Pune,2024-12-26,,305.01,YES,42
U1484,User 484,34.0,Male,Mumbai,,75181.47,55.42,no,62
U1485,User 485,45.0,  Female ,Bengaluru,24/01/2025,62652.03,273.1,True,80
U1486,User 486,30.0,,mumbai,2024-05-03,72751.93,65.63,no,92
U1487,User 487,22.0,female,Bangalore,2024-11-30,45119.88,72.74,True,83
U1488,User 488,54.0,Female,mumbai,,71010.83,286.99,0,25
U1489,User 489,39.0,male,Delhi,06-29-2024,34805.07,184.6,0,38
U1490,User 490,24.0,  Female ,Hyderabad,05-03-2024,54598.23,93.91,yes,63
U1491,User 491,48.0,M,Mumbai,02-02-2025,38576.4,236.83,1,39
U1492,User 492,25.0,male,Mumbai,2025-01-29,65691.82,163.26,YES,54
U1493,User 493,59.0,Female,Pune,12-04-2024,85953.11,137.08,False,34
U1494,User 494,55.0,  Female ,mumbai,05/12/2024,61271.37,76.65,no,66
U1495,User 495,51.0,  Female ,Delhi,01/02/2024,28061.13,82.54,No,61
U1496,User 496,45.0,F,Mumbai,,42800.23,198.76,False,11
U1497,User 497,63.0,male,Bengaluru,2024-10-28,110042.94,79.26,yes,98
U1498,User 498,48.0,F,DELHI,08-04-2024,69737.42,113.27,True,11
U1499,User 499,19.0,  Female ,Hyderabad,07/01/2025,41067.28,101.2,no,40
U1500,User 500,24.0,Other,Mumbai,2024-07-27,71542.85,299.24,yes,84
U1501,User 501,49.0,Female,,2024-10-22,57212.21,118.66,YES,3
U1502,User 502,48.0,Female,Mumbai,2024-09-09,102257.47,145.25,1,29
U1503,User 503,35.0,Other,Delhi,26/03/2024,56259.75,53.76,YES,70
U1504,User 504,48.0,Female,Mumbai,11-25-2024,50396.2,125.43,True,68
U1505,User 505,34.0,male,Pune,18/02/2024,53696.82,88.81,yes,89
U1506,User 506,40.0,Female,Delhi,2024-09-03,48002.79,133.71,1,69
U1507,User 507,26.0,Other,Mumbai,21/09/2024,42119.27,110.92,yes,59
U1508,User 508,63.0,Male,Bengaluru,,34751.77,70.48,No,19
U1509,User 509,47.0,M,Delhi,12-15-2024,46365.52,114.77,0,88
U1510,User 510,30.0,Other,Bangalore,,68840.76,35.08,False,40
U1511,User 511,49.0,Female,Bengaluru,2024-08-30,50378.28,104.49,True,18
U1512,User 512,45.0,M,Mumbai,01-22-2024,44619.02,530.43,0,12
U1513,User 513,31.0,female,Hyderabad,2024-01-17,31133.73,185.26,True,97
U1514,User 514,24.0,Female,Delhi,,67679.92,160.4,1,11
U1515,User 515,49.0,Female,Mumbai,2024-02-23,83967.37,92.04,False,19
U1516,User 516,36.0,male,Bangalore,20/05/2024,39742.26,186.07,YES,88
U1517,User 517,30.0,,Hyderabad,2024-11-11,43526.93,85.66,No,68
U1518,User 518,30.0,Male,Bengaluru,2024-08-02,38416.38,297.75,YES,65
U1519,User 519,25.0,female,Hyderabad,2024-06-14,69733.85,243.46,YES,10
U1520,User 520,50.0,female,Mumbai,16/01/2025,73752.51,85.16,YES,33
U1521,User 521,62.0,Male,Delhi,2024-10-10,57757.4,111.5,0,77
U1522,User 522,53.0,Male,Bangalore,12/08/2024,33606.11,187.96,1,56
U1523,User 523,28.0,M,Pune,2024-08-01,62022.23,115.65,1,6
U1524,User 524,58.0,Male,Mumbai,12-10-2024,59217.15,165.17,1,62
U1525,User 525,40.0,,Bangalore,03-03-2024,61005.57,280.64,No,5
U1526,User 526,29.0,Other,Pune,2024-09-08,36198.61,251.38,0,2
U1527,User 527,38.0,,Mumbai,17/03/2024,34983.18,108.98,YES,23
U1528,User 528,48.0,,mumbai,01/08/2024,25778.18,173.03,YES,35
U1529,User 529,48.0,male,Bengaluru,2024-09-17,75746.32,38.82,no,55
U1530,User 530,41.0,F,Bengaluru,2024-11-08,76320.89,87.98,1,57
U1531,User 531,39.0,Female,DELHI,19/10/2024,25866.77,182.33,0,88
U1532,User 532,43.0,Male,Hyderabad,2024-08-10,40637.96,148.37,1,35
U1533,User 533,52.0,Female,Mumbai,17/03/2024,40728.79,111.53,YES,31
U1534,User 534,28.0,Male,Pune,2024-10-29,71365.46,88.38,True,29
U1535,User 535,31.0,,Hyderabad,2024-08-16,56558.67,119.74,0,45
U1536,User 536,51.0,Other,DELHI,10-21-2024,82761.48,353.64,no,47
U1537,User 537,51.0,Other,Pune,2024-08-03,49756.39,159.25,YES,22
U1538,User 538,47.0,Male,Bangalore,,30883.5,100.81,no,73
U1539,User 539,54.0,Male,Delhi,12/11/2024,41745.61,73.89,False,53
U1540,User 540,60.0,male,Bengaluru,03-27-2024,38616.72,58.5,False,74
U1541,User 541,35.0,Other,Mumbai,,73930.19,100.86,No,3
U1542,User 542,46.0,Female,Hyderabad,2024-06-04,89607.81,91.51,yes,59
U1543,User 543,58.0,female,Mumbai,09/02/2024,63826.0,63.2,no,87
U1544,User 544,50.0,Male,Delhi,2024-11-16,42453.15,110.22,No,77
U1545,User 545,26.0,Female,DELHI,,59618.7,144.83,False,  88 
U1546,User 546,34.0,Female,Bengaluru,2024-08-18,25627.04,61.05,False,15
U1547,User 547,46.0,,Bengaluru,2024-11-03,51390.17,247.49,0,92
U1548,User 548,26.0,F,Bangalore,12/01/2025,24873.76,105.01,1,16
U1549,User 549,53.0,Male,Hyderabad,2024-09-09,63657.15,123.27,1,44
U1550,User 550,62.0,Female,Bengaluru,,52003.26,179.11,1,76
U1551,User 551,45.0,F,Pune,2024-11-29,69755.59,141.1,yes,56
U1552,User 552,46.0,F,Mumbai,2024-02-09,68353.86,76.54,no,28
U1553,User 553,49.0,Female,Hyderabad,,45007.23,115.37,1,84
U1554,User 554,40.0,Other,Delhi,2024-02-04,73266.46,52.48,0,20
U1555,User 555,50.0,Female,Bangalore,2024-06-10,33691.02,245.5,No,93
U1556,User 556,64.0,Male,,15/07/2024,102435.88,91.96,False,12
U1557,User 557,33.0,F,Pune,2024-05-07,30874.23,101.63,0,3
U1558,User 558,30.0,,DELHI,01-10-2025,68416.72,101.48,No,44
U1559,User 559,40.0,male,Bengaluru,2024-09-04,77384.08,202.09,False,42
U1560,User 560,51.0,female,mumbai,2024-04-25,58241.89,69.88,True,54
U1561,User 561,53.0,M,Bangalore,10/04/2024,36404.31,82.85,1,51
U1562,User 562,28.0,M,Bangalore,22/01/2024,41064.5,147.07,yes,29
U1563,User 563,62.0,  Female ,Bangalore,02-11-2024,36600.32,227.3,1,34
U1564,User 564,38.0,,Delhi,,54909.65,145.04,True,36
U1565,User 565,40.0,Male,Pune,2025-01-26,69256.5,172.9,False,98
U1566,User 566,35.0,female,Delhi,09-05-2024,63706.37,142.33,False,96
U1567,User 567,19.0,Male,Bengaluru,09-23-2024,55999.57,132.98,yes,55
U1568,User 568,53.0,Female,mumbai,2024-07-18,29860.51,201.85,True,26
U1569,User 569,39.0,F,Pune,2024-02-04,85620.29,149.64,No,52
U1570,User 570,39.0,male,mumbai,07-24-2024,51848.71,300.92,yes,41
U1571,User 571,42.0,male,Bangalore,04-17-2024,48157.48,103.23,No,2
U1572,User 572,34.0,,Hyderabad,11/09/2024,59152.07,278.36,0,37
U1573,User 573,24.0,M,Bangalore,06/07/2024,25151.12,90.36,1,35
U1574,User 574,31.0,Male,Bangalore,2024-01-09,53955.6,132.19,yes,57
U1575,User 575,43.0,M,Hyderabad,2024-01-13,51239.43,80.97,yes,79
U1576,User 576,57.0,Female,,02-18-2024,51917.53,117.62,yes,82
U1577,User 577,38.0,F,mumbai,23/02/2024,76967.3,91.18,yes,  88 
U1578,User 578,27.0,M,Bengaluru,04-29-2024,32496.29,89.43,yes,91
U1579,User 579,30.0,Male,DELHI,23/06/2024,,69.65,YES,  88 
U1580,User 580,39.0,F,Mumbai,04-02-2024,43908.14,129.87,YES,41
U1581,User 581,60.0,M,DELHI,2024-04-15,51115.89,166.18,True,15
U1582,User 582,37.0,Male,Pune,,69972.16,450.82,1,42
U1583,User 583,30.0,Other,Hyderabad,02-14-2024,52684.17,168.79,1,79
U1584,User 584,40.0,,Hyderabad,2024-05-24,50057.68,149.46,0,  88 
U1585,User 585,61.0,,Mumbai,06/08/2024,12712.46,100.46,1,72
U1586,User 586,49.0,Female,DELHI,2024-11-01,69121.73,132.26,YES,88
U1587,User 587,51.0,male,,2024-08-18,25783.04,65.54,False,94
U1588,User 588,59.0,Other,Bangalore,,46526.47,-80.0,yes,8
U1589,User 589,19.0,Male,,2024-07-21,39584.42,50.84,no,31
U1590,User 590,25.0,F,Delhi,2024-11-09,13937.13,123.32,No,  88 
U1591,User 591,28.0,  Female ,DELHI,2024-12-14,57501.39,437.52,YES,41
U1592,User 592,51.0,,Bengaluru,2024-06-01,47407.13,143.15,No,77
U1593,User 593,27.0,Female,Hyderabad,12-11-2024,64241.67,308.66,YES,50
U1594,User 594,24.0,,Delhi,2024-02-24,64800.49,423.75,No,46
U1595,User 595,37.0,Male,Bengaluru,07-09-2024,66072.55,68.05,yes,30
U1596,User 596,18.0,Male,Pune,10-27-2024,64126.69,166.04,1,61
U1597,User 597,59.0,F,Delhi,28/05/2024,63874.12,71.28,1,6
U1598,User 598,18.0,,DELHI,2024-04-13,,81.08,False,  88 
U1599,User 599,25.0,Male,Hyderabad,17/11/2024,61457.97,110.14,YES,78
U1600,User 600,60.0,M,Delhi,,58861.32,152.5,no,20
U1601,User 601,64.0,,Bengaluru,,51989.71,88.19,1,61
U1602,User 602,57.0,  Female ,Mumbai,2024-08-02,59640.65,159.17,1,94
U1603,User 603,41.0,M,,10/07/2024,64356.98,338.52,1,8
U1604,User 604,33.0,  Female ,Pune,2024-09-17,63832.87,182.33,True,19
U1605,User 605,61.0,Female,,,51765.12,349.29,No,52
U1606,User 606,48.0,male,Hyderabad,04/10/2024,93195.04,107.25,No,96
U1607,User 607,19.0,Female,Pune,12/09/2024,82563.65,103.55,no,8
U1608,User 608,25.0,male,Mumbai,27/07/2024,40239.36,89.23,yes,2
U1609,User 609,60.0,female,Bengaluru,2024-12-23,54846.45,188.63,No,42
U1610,User 610,53.0,male,Mumbai,2024-09-01,83994.68,82.7,no,71
U1611,User 611,21.0,Female,Bangalore,2024-09-24,39041.69,328.88,0,66
U1612,User 612,64.0,F,,07-01-2024,32745.11,66.43,0,4
U1613,User 613,44.0,Other,DELHI,,103164.48,89.63,no,44
U1614,User 614,62.0,Male,Delhi,2024-10-22,46242.02,111.33,YES,46
U1615,User 615,63.0,female,Delhi,2024-11-18,18637.53,75.37,0,49
U1616,User 616,47.0,  Female ,Bangalore,25/05/2024,,104.4,0,  88 
U1617,User 617,20.0,female,Hyderabad,2025-01-07,47278.95,224.36,no,45
U1618,User 618,39.0,male,Bangalore,10-27-2024,69559.24,140.55,yes,5
U1619,User 619,60.0,F,Pune,08-27-2024,55589.94,219.13,No,46
U1620,User 620,35.0,F,DELHI,17/06/2024,29595.15,259.72,0,79
U1621,User 621,,Male,DELHI,2024-05-26,2097.61,105.93,YES,4
U1622,User 622,140.0,  Female ,Delhi,08-14-2024,,178.81,1,92
U1623,User 623,49.0,male,Mumbai,,56065.31,120.63,False,58
U1624,User 624,22.0,,Hyderabad,2024-02-09,76683.68,97.51,0,71
U1625,User 625,38.0,Female,Pune,14/04/2024,43510.59,116.75,True,48
U1626,User 626,27.0,Male,Mumbai,2024-05-17,50066.52,298.82,yes,84
U1627,User 627,59.0,female,Bengaluru,05-30-2024,45205.06,215.4,False,29
U1628,User 628,44.0,Female,Bangalore,2024-01-28,43877.9,253.28,False,  88 
U1629,User 629,30.0,F,Hyderabad,02-04-2024,61810.23,110.84,0,47
U1630,User 630,,male,mumbai,,46668.26,70.42,1,60
U1631,User 631,52.0,Male,Mumbai,28/03/2024,24580.47,172.44,YES,84
U1632,User 632,52.0,Male,Delhi,2024-04-24,78519.17,306.83,0,50
U1633,User 633,59.0,Female,Delhi,29/08/2024,58856.28,120.86,0,10
U1634,User 634,54.0,Male,mumbai,06-03-2024,66742.52,266.51,True,85
U1635,User 635,25.0,female,Hyderabad,2024-12-31,250000.0,268.27,YES,82
U1636,User 636,40.0,Female,,2025-01-15,51137.82,278.1,yes,56
U1637,User 637,18.0,Male,Pune,01-17-2024,51230.66,,No,6
U1638,User 638,60.0,F,Pune,03/04/2024,35473.3,153.96,YES,91
U1639,User 639,53.0,female,Bengaluru,,70334.94,203.4,True,66
U1640,User 640,56.0,Female,Bangalore,11/05/2024,26942.17,266.24,YES,91
U1641,User 641,52.0,female,Hyderabad,2024-07-01,58510.2,196.08,YES,13
U1642,User 642,,Female,Hyderabad,10/01/2024,64294.33,187.77,YES,35
U1643,User 643,49.0,Male,Delhi,,31175.12,103.33,False,23
U1644,User 644,55.0,Female,Hyderabad,2024-11-12,,183.48,yes,  88 
U1645,User 645,47.0,male,Mumbai,2024-03-31,19235.88,168.58,No,32
U1646,User 646,56.0,F,Mumbai,20/10/2024,31081.96,370.83,False,88
U1647,User 647,45.0,female,Delhi,2024-10-02,54381.06,211.3,no,42
U1648,User 648,34.0,Female,Bengaluru,2024-02-07,67831.99,174.42,no,37
U1649,User 649,36.0,Female,Delhi,2024-05-12,30376.65,107.24,0,61
U1650,User 650,41.0,male,Hyderabad,28/10/2024,68023.15,64.3,yes,77
U1651,User 651,32.0,female,Bengaluru,05-02-2024,69717.52,89.42,1,39
U1652,User 652,21.0,F,DELHI,12-03-2024,47885.05,370.79,0,1
U1653,User 653,41.0,M,Hyderabad,31/07/2024,57352.39,127.51,No,91
U1654,User 654,30.0,M,Pune,,,182.29,no,43
U1655,User 655,42.0,,Pune,2024-04-20,82470.95,99.19,YES,12
U1656,User 656,62.0,F,Delhi,,45709.84,58.19,YES,64
U1657,User 657,49.0,Male,Delhi,2025-01-14,40004.75,129.12,no,72
U1658,User 658,61.0,male,Delhi,2024-05-27,52126.1,251.78,False,37
U1659,User 659,56.0,Other,Hyderabad,05/03/2024,35537.98,77.14,YES,16
U1660,User 660,50.0,F,DELHI,,77520.62,58.24,True,88
U1661,User 661,24.0,Male,Mumbai,,63797.86,62.04,no,86
U1662,User 662,18.0,Female,Bengaluru,2024-07-04,54925.95,89.71,1,65
U1663,User 663,25.0,Male,mumbai,,75126.33,147.53,True,27
U1664,User 664,19.0,Female,Bangalore,10/09/2024,68919.33,94.41,No,54
U1665,User 665,41.0,Male,Bengaluru,17/06/2024,72538.68,176.41,False,  88 
U1666,User 666,45.0,male,Delhi,18/02/2024,64989.93,,yes,86
U1667,User 667,43.0,Male,,2024-11-01,80476.43,88.55,0,89
U1668,User 668,28.0,,Bengaluru,23/01/2024,30331.02,401.38,No,75
U1669,User 669,38.0,Male,Bengaluru,05/09/2024,64402.13,115.34,1,66
U1670,User 670,48.0,Female,Pune,2024-10-15,83282.89,112.09,No,25
U1671,User 671,31.0,Male,Bangalore,2024-04-19,49287.96,138.11,True,13
U1672,User 672,22.0,Male,Mumbai,20/09/2024,44706.67,138.56,1,80
U1673,User 673,25.0,Male,Bengaluru,2024-08-20,48356.74,142.4,True,11
U1674,User 674,64.0,Male,Hyderabad,05/08/2024,55036.11,154.38,No,51
U1675,User 675,28.0,Female,Hyderabad,23/06/2024,74454.71,281.92,yes,53
U1676,User 676,23.0,Female,Mumbai,,55105.42,210.36,1,21
U1677,User 677,57.0,male,Delhi,2024-10-06,,128.32,False,27
U1678,User 678,33.0,,Delhi,2024-05-23,63695.9,-80.0,1,97
U1679,User 679,,Female,Hyderabad,13/11/2024,71865.09,92.8,False,74
U1680,User 680,22.0,F,,,55876.73,100.77,yes,40
U1681,User 681,20.0,Female,Bengaluru,15/12/2024,50624.81,292.14,0,74
U1682,User 682,36.0,male,Pune,03/11/2024,31079.82,373.97,YES,4
U1683,User 683,60.0,Male,mumbai,26/11/2024,11235.44,111.36,yes,18
U1684,User 684,33.0,Male,Pune,23/04/2024,47932.99,162.2,No,92
U1685,User 685,51.0,female,Mumbai,2024-07-31,9522.88,74.34,0,79
U1686,User 686,48.0,F,Mumbai,2024-07-31,53306.48,57.22,False,13
U1687,User 687,21.0,Male,DELHI,2024-12-05,66901.3,157.63,1,21
U1688,User 688,58.0,,Hyderabad,2024-09-12,55425.33,101.13,False,46
U1689,User 689,23.0,  Female ,Mumbai,2024-05-24,4124.78,60.59,1,39
U1690,User 690,56.0,male,Delhi,29/10/2024,47359.74,214.52,1,52
U1691,User 691,,male,Bangalore,,64385.28,216.17,YES,83
U1692,User 692,52.0,,Delhi,07-07-2024,77485.24,255.34,1,76
U1693,User 693,60.0,,Mumbai,04/06/2024,64037.89,66.06,False,74
U1694,User 694,,M,Bengaluru,2025-01-15,54531.15,147.27,1,8
U1695,User 695,49.0,Other,Mumbai,,63055.22,98.48,0,45
U1696,User 696,20.0,,Delhi,2024-04-23,87797.1,82.04,no,75
U1697,User 697,19.0,  Female ,Hyderabad,2024-09-03,55089.32,,False,70
U1698,User 698,55.0,female,Bangalore,01-16-2024,27833.38,154.59,No,70
U1699,User 699,39.0,M,Pune,10-24-2024,46155.49,137.17,No,79
U1700,User 700,24.0,Female,mumbai,2024-04-10,41164.53,233.87,1,31
U1701,User 701,30.0,female,Pune,24/03/2024,33650.08,140.2,0,82
U1702,User 702,46.0,male,mumbai,04/08/2024,41777.34,82.27,True,79
U1703,User 703,,female,Hyderabad,03/08/2024,,50.78,1,22
U1704,User 704,56.0,Female,Pune,30/03/2024,36186.48,155.86,no,19
U1705,User 705,54.0,Female,Pune,2024-10-10,45485.28,72.96,no,33
U1706,User 706,49.0,Other,Delhi,30/10/2024,104781.37,125.25,YES,96
U1707,User 707,43.0,,Bengaluru,2024-01-16,64765.06,131.78,no,56
U1708,User 708,23.0,male,Mumbai,2024-07-12,60614.3,246.64,YES,93
U1709,User 709,36.0,F,Delhi,12/06/2024,64055.02,73.94,True,38
U1710,User 710,26.0,Female,Mumbai,2024-08-13,57772.03,180.81,no,66
U1711,User 711,44.0,male,Mumbai,2024-04-03,45957.7,165.96,False,98
U1712,User 712,59.0,female,mumbai,03-22-2024,60121.25,165.31,1,34
U1713,User 713,59.0,female,Pune,26/08/2024,64202.08,177.73,yes,73
U1714,User 714,60.0,Other,Delhi,30/03/2024,23874.27,135.58,False,42
U1715,User 715,34.0,M,Hyderabad,2025-02-03,250000.0,195.03,0,90
U1716,User 716,53.0,F,Bangalore,22/01/2024,23721.23,33.52,YES,76
U1717,User 717,38.0,male,Bengaluru,2024-11-25,38080.98,193.05,True,73
U1718,User 718,31.0,Female,DELHI,2024-07-01,63668.88,257.02,yes,  88 
U1719,User 719,53.0,Female,Bengaluru,,46523.37,458.88,yes,95
U1720,User 720,29.0,Female,mumbai,,49960.83,369.38,no,  88 
U1721,User 721,48.0,Male,DELHI,24/11/2024,5261.29,83.68,0,40
U1722,User 722,21.0,M,Mumbai,2025-01-27,29951.68,129.99,1,44
U1723,User 723,46.0,male,DELHI,05-12-2024,,127.27,no,70
U1724,User 724,39.0,,DELHI,2025-01-01,23368.87,,False,78
U1725,User 725,140.0,,Mumbai,2024-04-04,57693.44,354.45,0,92
U1726,User 726,36.0,M,Bangalore,10-21-2024,55775.94,244.37,0,15
U1727,User 727,60.0,F,Pune,01-19-2025,69415.3,141.11,yes,84
U1728,User 728,29.0,Female,mumbai,01-20-2024,77861.72,140.05,True,12
U1729,User 729,36.0,M,Bengaluru,2024-10-29,79707.12,269.41,YES,54
U1730,User 730,48.0,F,Hyderabad,22/11/2024,61365.8,99.38,1,90
U1731,User 731,23.0,,Hyderabad,2024-07-06,58422.88,236.82,no,76
U1732,User 732,27.0,M,Delhi,2024-03-28,60067.64,68.12,False,96
U1733,User 733,32.0,Male,Delhi,02/09/2024,36748.39,93.35,False,4
U1734,User 734,22.0,,mumbai,2024-05-27,59878.28,321.87,1,54
U1735,User 735,40.0,female,Bangalore,2024-10-26,45732.0,200.45,No,  88 
U1736,User 736,38.0,Male,Hyderabad,01-08-2024,32867.44,137.35,0,71
U1737,User 737,26.0,Male,Delhi,12-14-2024,22635.14,133.44,False,19
U1738,User 738,52.0,female,Bangalore,11-26-2024,11374.2,66.49,False,20
U1739,User 739,44.0,Female,Pune,2024-03-03,50380.36,149.21,False,29
U1740,User 740,26.0,male,Mumbai,2024-10-25,42724.52,346.15,1,86
U1741,User 741,30.0,female,Mumbai,2024-06-15,41466.42,141.79,yes,34
U1742,User 742,45.0,Male,Mumbai,04-29-2024,34172.28,75.05,YES,86
U1743,User 743,31.0,M,Bengaluru,2025-01-22,44857.69,47.65,No,60
U1744,User 744,22.0,male,Delhi,2024-01-02,35229.56,93.25,False,16
U1745,User 745,54.0,Other,Delhi,2024-11-02,56653.97,181.13,no,24
U1746,User 746,30.0,male,,07/01/2025,68259.25,96.38,1,74
U1747,User 747,48.0,male,Delhi,2024-03-17,46200.27,128.02,0,84
U1748,User 748,57.0,F,Delhi,09-20-2024,74588.55,254.09,True,21
U1749,User 749,21.0,Male,Pune,,41013.25,115.91,YES,49
U1750,User 750,24.0,female,,2024-10-26,20248.13,281.04,No,45
U1751,User 751,30.0,Male,Bangalore,15/01/2024,79514.94,91.33,False,46
U1752,User 752,49.0,Male,Pune,12-09-2024,18187.35,165.65,False,33
U1753,User 753,18.0,Female,Delhi,03/09/2024,44910.96,149.25,1,87
U1754,User 754,18.0,,mumbai,02-20-2024,69098.94,104.47,True,87
U1755,User 755,56.0,Male,,01-15-2024,77301.27,153.54,1,37
U1756,User 756,43.0,male,,12-01-2024,52073.92,316.79,0,47
U1757,User 757,24.0,female,Delhi,07/10/2024,44676.77,149.91,False,89
U1758,User 758,29.0,  Female ,Hyderabad,,92796.15,234.22,True,82
U1759,User 759,43.0,Female,Delhi,02-11-2024,71544.44,158.34,True,51
U1760,User 760,28.0,Female,Mumbai,2024-02-22,74365.8,50.63,True,61
U1761,User 761,24.0,male,Pune,2024-08-02,63537.31,103.21,yes,83
U1762,User 762,41.0,M,Bengaluru,2024-12-25,65870.52,90.95,True,49
U1763,User 763,21.0,Male,Mumbai,03-18-2024,59630.25,41.01,1,86
U1764,User 764,64.0,Male,DELHI,2024-12-15,52623.47,-80.0,1,67
U1765,User 765,52.0,female,Bangalore,2024-06-27,21628.49,116.45,False,  88 
U1766,User 766,29.0,Female,DELHI,20/11/2024,30875.81,45.78,0,1
U1767,User 767,62.0,F,Mumbai,17/04/2024,67180.48,60.95,1,80
U1768,User 768,43.0,female,,2024-04-16,76618.5,215.04,False,54
U1769,User 769,30.0,Male,,,58229.32,88.3,1,58
U1770,User 770,35.0,Female,Hyderabad,,35150.45,116.93,1,19
U1771,User 771,54.0,Female,Pune,05-05-2024,58607.72,154.36,yes,86
U1772,User 772,50.0,Male,Hyderabad,,61788.33,331.44,yes,  88 
U1773,User 773,35.0,,Hyderabad,05/01/2025,,345.39,No,8
U1774,User 774,61.0,F,Bengaluru,2024-05-10,82009.78,168.56,yes,86
U1775,User 775,21.0,  Female ,Bengaluru,2024-06-20,70498.96,174.46,1,42
U1776,User 776,37.0,Female,Bangalore,2024-08-02,,129.94,True,  88 
U1777,User 777,30.0,Other,Delhi,2024-05-01,53462.88,224.5,no,96
U1778,User 778,60.0,Male,Mumbai,05-30-2024,48991.47,50.76,yes,93
U1779,User 779,26.0,Other,,03-25-2024,78178.27,125.77,False,86
U1780,User 780,61.0,,Bengaluru,2024-01-21,44751.89,,0,15
U1781,User 781,52.0,Male,Mumbai,,33418.19,187.11,yes,56
U1782,User 782,58.0,female,,2024-09-15,52841.23,125.2,False,22
U1783,User 783,35.0,Male,Hyderabad,2024-04-10,36154.34,326.11,No,81
U1784,User 784,29.0,female,Bangalore,2024-10-28,72324.57,203.08,1,71
U1785,User 785,26.0,  Female ,,,53255.6,182.14,True,36
U1786,User 786,50.0,Male,Hyderabad,15/09/2024,33535.74,,YES,14
U1787,User 787,22.0,Female,Mumbai,2024-10-15,41703.92,101.76,YES,89
U1788,User 788,33.0,Male,Pune,22/10/2024,46483.58,298.38,False,51
U1789,User 789,38.0,female,Mumbai,,49152.37,72.4,yes,71
U1790,User 790,26.0,Male,Pune,2024-04-16,25204.35,152.16,1,68
U1791,User 791,39.0,,Delhi,2024-04-17,33760.39,57.56,no,64
U1792,User 792,39.0,male,Delhi,20/08/2024,59551.07,152.57,YES,21
U1793,User 793,25.0,Male,Hyderabad,10-26-2024,77719.83,198.73,False,16
U1794,User 794,40.0,,Mumbai,10/07/2024,45359.12,233.94,No,40
U1795,User 795,44.0,female,,2024-07-15,56328.28,391.43,False,94
U1796,User 796,48.0,Female,Mumbai,2024-12-06,96659.03,100.87,True,81
U1797,User 797,,F,Mumbai,2024-11-18,58987.56,229.66,0,91
U1798,User 798,33.0,Other,Mumbai,2024-04-01,19567.43,146.98,1,36
U1799,User 799,61.0,F,Hyderabad,29/04/2024,64761.03,273.79,YES,36
U1061,User 61,48.0,,Delhi,,80479.96,133.96,yes,76
U1799,User 799,61.0,F,Hyderabad,29/04/2024,64761.03,273.79,YES,36
U1747,User 747,48.0,male,Delhi,2024-03-17,46200.27,128.02,0,84
U1668,User 668,28.0,,Bengaluru,23/01/2024,30331.02,401.38,No,75
U1726,User 726,36.0,M,Bangalore,10-21-2024,55775.94,244.37,0,15
U1110,User 110,46.0,Female,Pune,2024-04-14,47846.93,82.86,True,96
U1389,User 389,35.0,female,Delhi,2024-05-17,118155.87,211.98,False,83
U1464,User 464,50.0,M,Pune,2024-06-24,27555.74,118.32,1,45
U1034,User 34,61.0,female,DELHI,12-19-2024,79999.32,163.38,No,15
U1244,User 244,21.0,F,Mumbai,2024-04-21,48662.31,112.49,0,  88 
U1271,User 271,23.0,M,mumbai,01-09-2025,28988.64,74.87,True,32
U1283,User 283,24.0,M,Hyderabad,2025-01-01,63681.54,122.86,0,50
U1731,User 731,23.0,,Hyderabad,2024-07-06,58422.88,236.82,no,76
U1480,User 480,,Male,mumbai,2024-05-20,51365.58,393.3,0,80
U1300,User 300,42.0,,Bengaluru,2024-05-01,71853.28,103.54,yes,78
U1772,User 772,50.0,Male,Hyderabad,,61788.33,331.44,yes,  88 
U1142,User 142,58.0,  Female ,,2024-11-12,,172.12,yes,8
U1256,User 256,54.0,M,DELHI,05-04-2024,64619.71,73.84,True,95
U1620,User 620,35.0,F,DELHI,17/06/2024,29595.15,259.72,0,79
U1277,User 277,27.0,female,Bengaluru,,58805.73,75.67,True,61
U1236,User 236,48.0,Male,Mumbai,2024-06-17,52612.58,69.81,0,13
U1750,User 750,24.0,female,,2024-10-26,20248.13,281.04,No,45
U1776,User 776,37.0,Female,Bangalore,2024-08-02,,129.94,True,  88 
U1477,User 477,62.0,F,Delhi,2024-05-17,50277.51,34.16,True,78
U1289,User 289,53.0,Male,Delhi,2024-04-02,29160.65,86.66,False,59
U1665,User 665,41.0,Male,Bengaluru,17/06/2024,72538.68,176.41,False,  88 
U1586,User 586,49.0,Female,DELHI,2024-11-01,69121.73,132.26,YES,88
U1518,User 518,30.0,Male,Bengaluru,2024-08-02,38416.38,297.75,YES,65
U1140,User 140,51.0,M,Delhi,2025-01-21,52911.48,161.16,False,22
U1478,User 478,28.0,Female,Mumbai,14/05/2024,52686.12,234.05,YES,18
U1306,User 306,64.0,,Bengaluru,2025-01-31,74497.8,342.02,no,96
U1285,User 285,33.0,Female,mumbai,11-05-2024,64208.53,163.53,no,37
U1013,User 13,42.0,Male,mumbai,10/12/2024,58364.42,186.43,yes,26
U1695,User 695,49.0,Other,Mumbai,,63055.22,98.48,0,45
U1229,User 229,54.0,Male,Mumbai,05-09-2024,26175.73,168.95,yes,52
U1451,User 451,18.0,Male,mumbai,,46191.34,186.2,no,3
U1644,User 644,55.0,Female,Hyderabad,2024-11-12,,183.48,yes,  88 
U1323,User 323,63.0,  Female ,Bangalore,,73965.83,192.5,0,68
U1327,User 327,33.0,female,mumbai,03/08/2024,44653.44,108.73,YES,3
U1597,User 597,59.0,F,Delhi,28/05/2024,63874.12,71.28,1,6
U1514,USER 514,24.0,Female,Delhi,,67679.92,160.4,1,11
U1168,USER 168,41.0,male,Bengaluru,2024-05-17,47303.97,146.38,No,35
U1144,USER 144,23.0,Male,DELHI,2024-12-28,37378.38,415.5,False,8
U1123,USER 123,37.0,Female,Pune,2024-01-17,79054.06,278.31,True,83
U1521,USER 521,62.0,Male,Delhi,2024-10-10,57757.4,111.5,0,77
U1376,USER 376,51.0,Male,Hyderabad,2024-07-20,46118.72,49.02,YES,30
U1798,USER 798,33.0,Other,Mumbai,2024-04-01,19567.43,146.98,1,36
U1293,USER 293,29.0,Female,Pune,,73560.18,172.64,0,63
U1597,USER 597,59.0,F,Delhi,28/05/2024,63874.12,71.28,1,6
U1576,USER 576,57.0,Female,,02-18-2024,51917.53,117.62,yes,82
U1243,USER 243,60.0,,Delhi,17/05/2024,64321.97,173.42,yes,63
U1095,USER 95,20.0,male,Bangalore,2024-09-30,49009.07,293.6,False,71
U1615,USER 615,63.0,female,Delhi,2024-11-18,18637.53,75.37,0,49
U1788,USER 788,33.0,Male,Pune,22/10/2024,46483.58,298.38,False,51
U1591,USER 591,28.0,  Female ,DELHI,2024-12-14,57501.39,437.52,YES,41
